,project_name,db_name,activity_id,activity_name,activity_unit,activity_location,impact_method,impact_category,impact_indicator,sub_activity_id,sub_activity,sub_activity_unit,sub_activity_location,value,percentage,total_impact,exchange_type,compartment,sub_compartment,production_amount,production_unit,production_location,activity_categories
0,LNV-EI38-20250303,EI38_cutoff_remind_SSP5-Base_2035_baseline,"('EI38_cutoff_remind_SSP5-Base_2035_baseline', '83a69ba32d3894259955a19df412e316')","NMC111 oxide production, for Li-ion battery",kilogram,CN,ReCiPe Midpoint (H),terrestrial ecotoxicity,TETPinf,"('EI38_cutoff_remind_SSP5-Base_2035_baseline', '20a0bb96648ef4c27b2913e13142dda9')",market for NMC111 hydroxide,kilogram,CN,0.025305408767805494,93.1730857336612,0.027159569277486383,technosphere,,,1.0,kilogram,CN,
1,LNV-EI38-20250303,EI38_cutoff_remind_SSP5-Base_2035_baseline,"('EI38_cutoff_remind_SSP5-Base_2035_baseline', '83a69ba32d3894259955a19df412e316')","NMC111 oxide production, for Li-ion battery",kilogram,CN,ReCiPe Midpoint (H),terrestrial ecotoxicity,TETPinf,"('EI38_cutoff_remind_SSP5-Base_2035_baseline', '29efbc51f88f985a1c665df2bd11a18f')",market for lithium carbonate,kilogram,GLO,0.0014829463811010025,5.460124812547281,0.027159569277486383,technosphere,,,1.0,kilogram,CN,
2,LNV-EI38-20250303,EI38_cutoff_remind_SSP5-Base_2035_baseline,"('EI38_cutoff_remind_SSP5-Base_2035_baseline', '83a69ba32d3894259955a19df412e316')","NMC111 oxide production, for Li-ion battery",kilogram,CN,ReCiPe Midpoint (H),terrestrial ecotoxicity,TETPinf,"('EI38_cutoff_remind_SSP5-Base_2035_baseline', 'ea0f506976c44dc9ae1be7f935eb76ef')","market group for electricity, medium voltage",kilowatt hour,CHA,0.0002946210205445548,1.0847779562865805,0.027159569277486383,technosphere,,,1.0,kilogram,CN,
3,LNV-EI38-20250303,EI38_cutoff_remind_SSP5-Base_2035_baseline,"('EI38_cutoff_remind_SSP5-Base_2035_baseline', '83a69ba32d3894259955a19df412e316')","NMC111 oxide production, for Li-ion battery",kilogram,CN,ReCiPe Midpoint (H),terrestrial ecotoxicity,TETPinf,"('EI38_cutoff_remind_SSP5-Base_2035_baseline', 'bbec888be3ba3103fb7fdef5344a5304')","market for chemical factory, organics",unit,GLO,7.659310803533035e-05,0.28201149750493776,0.027159569277486383,technosphere,,,1.0,kilogram,CN,
4,LNV-EI38-20250303,EI38_cutoff_remind_SSP5-Base_2035_baseline,"('EI38_cutoff_remind_SSP5-Base_2035_baseline', '83a69ba32d3894259955a19df412e316')","NMC111 oxide production, for Li-ion battery",kilogram,CN,ReCiPe Midpoint (H),terrestrial ecotoxicity,TETPinf,"('biosphere3', '349b29d1-3e58-4c66-98b9-9d1a076efd2e')","Carbon dioxide, fossil",kilogram,,0.0,0.0,0.027159569277486383,biosphere,air,,1.0,kilogram,CN,
5,LNV-EI38-20250303,EI38_cutoff_remind_SSP5-Base_2035_baseline,"('EI38_cutoff_remind_SSP5-Base_2035_baseline', '83a69ba32d3894259955a19df412e316')","NMC111 oxide production, for Li-ion battery",kilogram,CN,ReCiPe Midpoint (H),terrestrial ecotoxicity,TETPinf,"('biosphere3', '09872080-d143-4fb1-a3a5-647b077107ff')",Water,cubic meter,,0.0,0.0,0.027159569277486383,biosphere,air,non-urban air or from high stacks,1.0,kilogram,CN,
6,LNV-EI38-20250303,EI38_cutoff_remind_SSP5-Base_2035_baseline,"('EI38_cutoff_remind_SSP5-Base_2035_baseline', '83a69ba32d3894259955a19df412e316')","NMC111 oxide production, for Li-ion battery",kilogram,CN,ReCiPe Midpoint (H),natural land transformation,NLTP,"('EI38_cutoff_remind_SSP5-Base_2035_baseline', '20a0bb96648ef4c27b2913e13142dda9')",market for NMC111 hydroxide,kilogram,CN,0.0057025314542282985,88.96622997108132,0.006409770826618054,technosphere,,,1.0,kilogram,CN,
7,LNV-EI38-20250303,EI38_cutoff_remind_SSP5-Base_2035_baseline,"('EI38_cutoff_remind_SSP5-Base_2035_baseline', '83a69ba32d3894259955a19df412e316')","NMC111 oxide production, for Li-ion battery",kilogram,CN,ReCiPe Midpoint (H),natural land transformation,NLTP,"('EI38_cutoff_remind_SSP5-Base_2035_baseline', '29efbc51f88f985a1c665df2bd11a18f')",market for lithium carbonate,kilogram,GLO,0.00048118265343769363,7.507018058110152,0.006409770826618054,technosphere,,,1.0,kilogram,CN,
8,LNV-EI38-20250303,EI38_cutoff_remind_SSP5-Base_2035_baseline,"('EI38_cutoff_remind_SSP5-Base_2035_baseline', '83a69ba32d3894259955a19df412e316')","NMC111 oxide production, for Li-ion battery",kilogram,CN,ReCiPe Midpoint (H),natural land transformation,NLTP,"('EI38_cutoff_remind_SSP5-Base_2035_baseline', 'ea0f506976c44dc9ae1be7f935eb76ef')","market group for electricity, medium voltage",kilowatt hour,CHA,0.0001864417451183756,2.908711561794584,0.006409770826618054,technosphere,,,1.0,kilogram,CN,
9,LNV-EI38-20250303,EI38_cutoff_remind_SSP5-Base_2035_baseline,"('EI38_cutoff_remind_SSP5-Base_2035_baseline', '83a69ba32d3894259955a19df412e316')","NMC111 oxide production, for Li-ion battery",kilogram,CN,ReCiPe Midpoint (H),natural land transformation,NLTP,"('EI38_cutoff_remind_SSP5-Base_2035_baseline', 'bbec888be3ba3103fb7fdef5344a5304')","market for chemical factory, organics",unit,GLO,3.961497383368599e-05,0.6180404090139332,0.006409770826618054,technosphere,,,1.0,kilogram,CN,
10,LNV-EI38-20250303,EI38_cutoff_remind_SSP5-Base_2035_baseline,"('EI38_cutoff_remind_SSP5-Base_2035_baseline', '83a69ba32d3894259955a19df412e316')","NMC111 oxide production, for Li-ion battery",kilogram,CN,ReCiPe Midpoint (H),natural land transformation,NLTP,"('biosphere3', '349b29d1-3e58-4c66-98b9-9d1a076efd2e')","Carbon dioxide, fossil",kilogram,,0.0,0.0,0.006409770826618054,biosphere,air,,1.0,kilogram,CN,
11,LNV-EI38-20250303,EI38_cutoff_remind_SSP5-Base_2035_baseline,"('EI38_cutoff_remind_SSP5-Base_2035_baseline', '83a69ba32d3894259955a19df412e316')","NMC111 oxide production, for Li-ion battery",kilogram,CN,ReCiPe Midpoint (H),natural land transformation,NLTP,"('biosphere3', '09872080-d143-4fb1-a3a5-647b077107ff')",Water,cubic meter,,0.0,0.0,0.006409770826618054,biosphere,air,non-urban air or from high stacks,1.0,kilogram,CN,
12,LNV-EI38-20250303,EI38_cutoff_remind_SSP5-Base_2035_baseline,"('EI38_cutoff_remind_SSP5-Base_2035_baseline', '83a69ba32d3894259955a19df412e316')","NMC111 oxide production, for Li-ion battery",kilogram,CN,ReCiPe Midpoint (H),photochemical oxidant formation,POFP,"('EI38_cutoff_remind_SSP5-Base_2035_baseline', '20a0bb96648ef4c27b2913e13142dda9')",market for NMC111 hydroxide,kilogram,CN,0.05811163681784622,78.67807908227658,0.07386000966937276,technosphere,,,1.0,kilogram,CN,
13,LNV-EI38-20250303,EI38_cutoff_remind_SSP5-Base_2035_baseline,"('EI38_cutoff_remind_SSP5-Base_2035_baseline', '83a69ba32d3894259955a19df412e316')","NMC111 oxide production, for Li-ion battery",kilogram,CN,ReCiPe Midpoint (H),photochemical oxidant formation,POFP,"('EI38_cutoff_remind_SSP5-Base_2035_baseline', '29efbc51f88f985a1c665df2bd11a18f')",market for lithium carbonate,kilogram,GLO,0.010035162533900032,13.58673330645565,0.07386000966937276,technosphere,,,1.0,kilogram,CN,
14,LNV-EI38-20250303,EI38_cutoff_remind_SSP5-Base_2035_baseline,"('EI38_cutoff_remind_SSP5-Base_2035_baseline', '83a69ba32d3894259955a19df412e316')","NMC111 oxide production, for Li-ion battery",kilogram,CN,ReCiPe Midpoint (H),photochemical oxidant formation,POFP,"('EI38_cutoff_remind_SSP5-Base_2035_baseline', 'ea0f506976c44dc9ae1be7f935eb76ef')","market group for electricity, medium voltage",kilowatt hour,CHA,0.005317032617337177,7.198797618817494,0.07386000966937276,technosphere,,,1.0,kilogram,CN,
15,LNV-EI38-20250303,EI38_cutoff_remind_SSP5-Base_2035_baseline,"('EI38_cutoff_remind_SSP5-Base_2035_baseline', '83a69ba32d3894259955a19df412e316')","NMC111 oxide production, for Li-ion battery",kilogram,CN,ReCiPe Midpoint (H),photochemical oxidant formation,POFP,"('EI38_cutoff_remind_SSP5-Base_2035_baseline', 'bbec888be3ba3103fb7fdef5344a5304')","market for chemical factory, organics",unit,GLO,0.0003961777002893241,0.5363899924502793,0.07386000966937276,technosphere,,,1.0,kilogram,CN,
16,LNV-EI38-20250303,EI38_cutoff_remind_SSP5-Base_2035_baseline,"('EI38_cutoff_remind_SSP5-Base_2035_baseline', '83a69ba32d3894259955a19df412e316')","NMC111 oxide production, for Li-ion battery",kilogram,CN,ReCiPe Midpoint (H),photochemical oxidant formation,POFP,"('biosphere3', '349b29d1-3e58-4c66-98b9-9d1a076efd2e')","Carbon dioxide, fossil",kilogram,,0.0,0.0,0.07386000966937276,biosphere,air,,1.0,kilogram,CN,
17,LNV-EI38-20250303,EI38_cutoff_remind_SSP5-Base_2035_baseline,"('EI38_cutoff_remind_SSP5-Base_2035_baseline', '83a69ba32d3894259955a19df412e316')","NMC111 oxide production, for Li-ion battery",kilogram,CN,ReCiPe Midpoint (H),photochemical oxidant formation,POFP,"('biosphere3', '09872080-d143-4fb1-a3a5-647b077107ff')",Water,cubic meter,,0.0,0.0,0.07386000966937276,biosphere,air,non-urban air or from high stacks,1.0,kilogram,CN,
18,LNV-EI38-20250303,EI38_cutoff_remind_SSP5-Base_2035_baseline,"('EI38_cutoff_remind_SSP5-Base_2035_baseline', '83a69ba32d3894259955a19df412e316')","NMC111 oxide production, for Li-ion battery",kilogram,CN,ReCiPe Midpoint (H),human toxicity,HTPinf,"('EI38_cutoff_remind_SSP5-Base_2035_baseline', '20a0bb96648ef4c27b2913e13142dda9')",market for NMC111 hydroxide,kilogram,CN,25.26105403197836,83.48392230220108,30.258585528045252,technosphere,,,1.0,kilogram,CN,
19,LNV-EI38-20250303,EI38_cutoff_remind_SSP5-Base_2035_baseline,"('EI38_cutoff_remind_SSP5-Base_2035_baseline', '83a69ba32d3894259955a19df412e316')","NMC111 oxide production, for Li-ion battery",kilogram,CN,ReCiPe Midpoint (H),human toxicity,HTPinf,"('EI38_cutoff_remind_SSP5-Base_2035_baseline', 'ea0f506976c44dc9ae1be7f935eb76ef')","market group for electricity, medium voltage",kilowatt hour,CHA,3.042427049805775,10.054756350014753,30.258585528045252,technosphere,,,1.0,kilogram,CN,
20,LNV-EI38-20250303,EI38_cutoff_remind_SSP5-Base_2035_baseline,"('EI38_cutoff_remind_SSP5-Base_2035_baseline', '83a69ba32d3894259955a19df412e316')","NMC111 oxide production, for Li-ion battery",kilogram,CN,ReCiPe Midpoint (H),human toxicity,HTPinf,"('EI38_cutoff_remind_SSP5-Base_2035_baseline', '29efbc51f88f985a1c665df2bd11a18f')",market for lithium carbonate,kilogram,GLO,1.7171430184815557,5.6748952025203465,30.258585528045252,technosphere,,,1.0,kilogram,CN,
21,LNV-EI38-20250303,EI38_cutoff_remind_SSP5-Base_2035_baseline,"('EI38_cutoff_remind_SSP5-Base_2035_baseline', '83a69ba32d3894259955a19df412e316')","NMC111 oxide production, for Li-ion battery",kilogram,CN,ReCiPe Midpoint (H),human toxicity,HTPinf,"('EI38_cutoff_remind_SSP5-Base_2035_baseline', 'bbec888be3ba3103fb7fdef5344a5304')","market for chemical factory, organics",unit,GLO,0.23796142777956275,0.7864261452638213,30.258585528045252,technosphere,,,1.0,kilogram,CN,
22,LNV-EI38-20250303,EI38_cutoff_remind_SSP5-Base_2035_baseline,"('EI38_cutoff_remind_SSP5-Base_2035_baseline', '83a69ba32d3894259955a19df412e316')","NMC111 oxide production, for Li-ion battery",kilogram,CN,ReCiPe Midpoint (H),human toxicity,HTPinf,"('biosphere3', '349b29d1-3e58-4c66-98b9-9d1a076efd2e')","Carbon dioxide, fossil",kilogram,,0.0,0.0,30.258585528045252,biosphere,air,,1.0,kilogram,CN,
23,LNV-EI38-20250303,EI38_cutoff_remind_SSP5-Base_2035_baseline,"('EI38_cutoff_remind_SSP5-Base_2035_baseline', '83a69ba32d3894259955a19df412e316')","NMC111 oxide production, for Li-ion battery",kilogram,CN,ReCiPe Midpoint (H),human toxicity,HTPinf,"('biosphere3', '09872080-d143-4fb1-a3a5-647b077107ff')",Water,cubic meter,,0.0,0.0,30.258585528045252,biosphere,air,non-urban air or from high stacks,1.0,kilogram,CN,
24,LNV-EI38-20250303,EI38_cutoff_remind_SSP5-Base_2035_baseline,"('EI38_cutoff_remind_SSP5-Base_2035_baseline', '83a69ba32d3894259955a19df412e316')","NMC111 oxide production, for Li-ion battery",kilogram,CN,ReCiPe Midpoint (H),marine eutrophication,MEP,"('EI38_cutoff_remind_SSP5-Base_2035_baseline', '20a0bb96648ef4c27b2913e13142dda9')",market for NMC111 hydroxide,kilogram,CN,0.02499953573379418,64.05609540958612,0.03902756728136906,technosphere,,,1.0,kilogram,CN,
25,LNV-EI38-20250303,EI38_cutoff_remind_SSP5-Base_2035_baseline,"('EI38_cutoff_remind_SSP5-Base_2035_baseline', '83a69ba32d3894259955a19df412e316')","NMC111 oxide production, for Li-ion battery",kilogram,CN,ReCiPe Midpoint (H),marine eutrophication,MEP,"('EI38_cutoff_remind_SSP5-Base_2035_baseline', '29efbc51f88f985a1c665df2bd11a18f')",market for lithium carbonate,kilogram,GLO,0.01117441325244094,28.632102974492526,0.03902756728136906,technosphere,,,1.0,kilogram,CN,
26,LNV-EI38-20250303,EI38_cutoff_remind_SSP5-Base_2035_baseline,"('EI38_cutoff_remind_SSP5-Base_2035_baseline', '83a69ba32d3894259955a19df412e316')","NMC111 oxide production, for Li-ion battery",kilogram,CN,ReCiPe Midpoint (H),marine eutrophication,MEP,"('EI38_cutoff_remind_SSP5-Base_2035_baseline', 'ea0f506976c44dc9ae1be7f935eb76ef')","market group for electricity, medium voltage",kilowatt hour,CHA,0.0027343308835128094,7.0061525070206505,0.03902756728136906,technosphere,,,1.0,kilogram,CN,
27,LNV-EI38-20250303,EI38_cutoff_remind_SSP5-Base_2035_baseline,"('EI38_cutoff_remind_SSP5-Base_2035_baseline', '83a69ba32d3894259955a19df412e316')","NMC111 oxide production, for Li-ion battery",kilogram,CN,ReCiPe Midpoint (H),marine eutrophication,MEP,"('EI38_cutoff_remind_SSP5-Base_2035_baseline', 'bbec888be3ba3103fb7fdef5344a5304')","market for chemical factory, organics",unit,GLO,0.00011928741162112541,0.3056491089006993,0.03902756728136906,technosphere,,,1.0,kilogram,CN,
28,LNV-EI38-20250303,EI38_cutoff_remind_SSP5-Base_2035_baseline,"('EI38_cutoff_remind_SSP5-Base_2035_baseline', '83a69ba32d3894259955a19df412e316')","NMC111 oxide production, for Li-ion battery",kilogram,CN,ReCiPe Midpoint (H),marine eutrophication,MEP,"('biosphere3', '349b29d1-3e58-4c66-98b9-9d1a076efd2e')","Carbon dioxide, fossil",kilogram,,0.0,0.0,0.03902756728136906,biosphere,air,,1.0,kilogram,CN,
29,LNV-EI38-20250303,EI38_cutoff_remind_SSP5-Base_2035_baseline,"('EI38_cutoff_remind_SSP5-Base_2035_baseline', '83a69ba32d3894259955a19df412e316')","NMC111 oxide production, for Li-ion battery",kilogram,CN,ReCiPe Midpoint (H),marine eutrophication,MEP,"('biosphere3', '09872080-d143-4fb1-a3a5-647b077107ff')",Water,cubic meter,,0.0,0.0,0.03902756728136906,biosphere,air,non-urban air or from high stacks,1.0,kilogram,CN,
30,LNV-EI38-20250303,EI38_cutoff_remind_SSP5-Base_2035_baseline,"('EI38_cutoff_remind_SSP5-Base_2035_baseline', '83a69ba32d3894259955a19df412e316')","NMC111 oxide production, for Li-ion battery",kilogram,CN,ReCiPe Midpoint (H),climate change,GWP100,"('EI38_cutoff_remind_SSP5-Base_2035_baseline', '20a0bb96648ef4c27b2913e13142dda9')",market for NMC111 hydroxide,kilogram,CN,16.201593145879425,58.49241981139247,27.69862009149409,technosphere,,,1.0,kilogram,CN,
31,LNV-EI38-20250303,EI38_cutoff_remind_SSP5-Base_2035_baseline,"('EI38_cutoff_remind_SSP5-Base_2035_baseline', '83a69ba32d3894259955a19df412e316')","NMC111 oxide production, for Li-ion battery",kilogram,CN,ReCiPe Midpoint (H),climate change,GWP100,"('EI38_cutoff_remind_SSP5-Base_2035_baseline', 'ea0f506976c44dc9ae1be7f935eb76ef')","market group for electricity, medium voltage",kilowatt hour,CHA,5.35561516118096,19.335313974090734,27.69862009149409,technosphere,,,1.0,kilogram,CN,
32,LNV-EI38-20250303,EI38_cutoff_remind_SSP5-Base_2035_baseline,"('EI38_cutoff_remind_SSP5-Base_2035_baseline', '83a69ba32d3894259955a19df412e316')","NMC111 oxide production, for Li-ion battery",kilogram,CN,ReCiPe Midpoint (H),climate change,GWP100,"('biosphere3', '349b29d1-3e58-4c66-98b9-9d1a076efd2e')","Carbon dioxide, fossil",kilogram,,3.609033048881458,13.02964926397091,27.69862009149409,biosphere,air,,1.0,kilogram,CN,
33,LNV-EI38-20250303,EI38_cutoff_remind_SSP5-Base_2035_baseline,"('EI38_cutoff_remind_SSP5-Base_2035_baseline', '83a69ba32d3894259955a19df412e316')","NMC111 oxide production, for Li-ion battery",kilogram,CN,ReCiPe Midpoint (H),climate change,GWP100,"('EI38_cutoff_remind_SSP5-Base_2035_baseline', '29efbc51f88f985a1c665df2bd11a18f')",market for lithium carbonate,kilogram,GLO,2.433954293085605,8.787276351839068,27.69862009149409,technosphere,,,1.0,kilogram,CN,
34,LNV-EI38-20250303,EI38_cutoff_remind_SSP5-Base_2035_baseline,"('EI38_cutoff_remind_SSP5-Base_2035_baseline', '83a69ba32d3894259955a19df412e316')","NMC111 oxide production, for Li-ion battery",kilogram,CN,ReCiPe Midpoint (H),climate change,GWP100,"('EI38_cutoff_remind_SSP5-Base_2035_baseline', 'bbec888be3ba3103fb7fdef5344a5304')","market for chemical factory, organics",unit,GLO,0.09842444246664159,0.3553405987068162,27.69862009149409,technosphere,,,1.0,kilogram,CN,
35,LNV-EI38-20250303,EI38_cutoff_remind_SSP5-Base_2035_baseline,"('EI38_cutoff_remind_SSP5-Base_2035_baseline', '83a69ba32d3894259955a19df412e316')","NMC111 oxide production, for Li-ion battery",kilogram,CN,ReCiPe Midpoint (H),climate change,GWP100,"('biosphere3', '09872080-d143-4fb1-a3a5-647b077107ff')",Water,cubic meter,,0.0,0.0,27.69862009149409,biosphere,air,non-urban air or from high stacks,1.0,kilogram,CN,
36,LNV-EI38-20250303,EI38_cutoff_remind_SSP5-Base_2035_baseline,"('EI38_cutoff_remind_SSP5-Base_2035_baseline', '83a69ba32d3894259955a19df412e316')","NMC111 oxide production, for Li-ion battery",kilogram,CN,ReCiPe Midpoint (H),particulate matter formation,PMFP,"('EI38_cutoff_remind_SSP5-Base_2035_baseline', '20a0bb96648ef4c27b2913e13142dda9')",market for NMC111 hydroxide,kilogram,CN,0.054808471863512224,80.61510738940312,0.06798784202911924,technosphere,,,1.0,kilogram,CN,
37,LNV-EI38-20250303,EI38_cutoff_remind_SSP5-Base_2035_baseline,"('EI38_cutoff_remind_SSP5-Base_2035_baseline', '83a69ba32d3894259955a19df412e316')","NMC111 oxide production, for Li-ion battery",kilogram,CN,ReCiPe Midpoint (H),particulate matter formation,PMFP,"('EI38_cutoff_remind_SSP5-Base_2035_baseline', '29efbc51f88f985a1c665df2bd11a18f')",market for lithium carbonate,kilogram,GLO,0.00880606456635318,12.952410759826053,0.06798784202911924,technosphere,,,1.0,kilogram,CN,
38,LNV-EI38-20250303,EI38_cutoff_remind_SSP5-Base_2035_baseline,"('EI38_cutoff_remind_SSP5-Base_2035_baseline', '83a69ba32d3894259955a19df412e316')","NMC111 oxide production, for Li-ion battery",kilogram,CN,ReCiPe Midpoint (H),particulate matter formation,PMFP,"('EI38_cutoff_remind_SSP5-Base_2035_baseline', 'ea0f506976c44dc9ae1be7f935eb76ef')","market group for electricity, medium voltage",kilowatt hour,CHA,0.00402525837072147,5.920556162081817,0.06798784202911924,technosphere,,,1.0,kilogram,CN,
39,LNV-EI38-20250303,EI38_cutoff_remind_SSP5-Base_2035_baseline,"('EI38_cutoff_remind_SSP5-Base_2035_baseline', '83a69ba32d3894259955a19df412e316')","NMC111 oxide production, for Li-ion battery",kilogram,CN,ReCiPe Midpoint (H),particulate matter formation,PMFP,"('EI38_cutoff_remind_SSP5-Base_2035_baseline', 'bbec888be3ba3103fb7fdef5344a5304')","market for chemical factory, organics",unit,GLO,0.000348047228532368,0.5119256886890146,0.06798784202911924,technosphere,,,1.0,kilogram,CN,
40,LNV-EI38-20250303,EI38_cutoff_remind_SSP5-Base_2035_baseline,"('EI38_cutoff_remind_SSP5-Base_2035_baseline', '83a69ba32d3894259955a19df412e316')","NMC111 oxide production, for Li-ion battery",kilogram,CN,ReCiPe Midpoint (H),particulate matter formation,PMFP,"('biosphere3', '349b29d1-3e58-4c66-98b9-9d1a076efd2e')","Carbon dioxide, fossil",kilogram,,0.0,0.0,0.06798784202911924,biosphere,air,,1.0,kilogram,CN,
41,LNV-EI38-20250303,EI38_cutoff_remind_SSP5-Base_2035_baseline,"('EI38_cutoff_remind_SSP5-Base_2035_baseline', '83a69ba32d3894259955a19df412e316')","NMC111 oxide production, for Li-ion battery",kilogram,CN,ReCiPe Midpoint (H),particulate matter formation,PMFP,"('biosphere3', '09872080-d143-4fb1-a3a5-647b077107ff')",Water,cubic meter,,0.0,0.0,0.06798784202911924,biosphere,air,non-urban air or from high stacks,1.0,kilogram,CN,
42,LNV-EI38-20250303,EI38_cutoff_remind_SSP5-Base_2035_baseline,"('EI38_cutoff_remind_SSP5-Base_2035_baseline', '83a69ba32d3894259955a19df412e316')","NMC111 oxide production, for Li-ion battery",kilogram,CN,ReCiPe Midpoint (H),agricultural land occupation,ALOP,"('EI38_cutoff_remind_SSP5-Base_2035_baseline', '20a0bb96648ef4c27b2913e13142dda9')",market for NMC111 hydroxide,kilogram,CN,0.6727055195987993,78.76014508413265,0.8541191980794426,technosphere,,,1.0,kilogram,CN,
43,LNV-EI38-20250303,EI38_cutoff_remind_SSP5-Base_2035_baseline,"('EI38_cutoff_remind_SSP5-Base_2035_baseline', '83a69ba32d3894259955a19df412e316')","NMC111 oxide production, for Li-ion battery",kilogram,CN,ReCiPe Midpoint (H),agricultural land occupation,ALOP,"('EI38_cutoff_remind_SSP5-Base_2035_baseline', '29efbc51f88f985a1c665df2bd11a18f')",market for lithium carbonate,kilogram,GLO,0.10627046235275772,12.442111427973474,0.8541191980794426,technosphere,,,1.0,kilogram,CN,
44,LNV-EI38-20250303,EI38_cutoff_remind_SSP5-Base_2035_baseline,"('EI38_cutoff_remind_SSP5-Base_2035_baseline', '83a69ba32d3894259955a19df412e316')","NMC111 oxide production, for Li-ion battery",kilogram,CN,ReCiPe Midpoint (H),agricultural land occupation,ALOP,"('EI38_cutoff_remind_SSP5-Base_2035_baseline', 'ea0f506976c44dc9ae1be7f935eb76ef')","market group for electricity, medium voltage",kilowatt hour,CHA,0.05246829485365638,6.142971024610578,0.8541191980794426,technosphere,,,1.0,kilogram,CN,
45,LNV-EI38-20250303,EI38_cutoff_remind_SSP5-Base_2035_baseline,"('EI38_cutoff_remind_SSP5-Base_2035_baseline', '83a69ba32d3894259955a19df412e316')","NMC111 oxide production, for Li-ion battery",kilogram,CN,ReCiPe Midpoint (H),agricultural land occupation,ALOP,"('EI38_cutoff_remind_SSP5-Base_2035_baseline', 'bbec888be3ba3103fb7fdef5344a5304')","market for chemical factory, organics",unit,GLO,0.02267492127422925,2.6547724632833076,0.8541191980794426,technosphere,,,1.0,kilogram,CN,
46,LNV-EI38-20250303,EI38_cutoff_remind_SSP5-Base_2035_baseline,"('EI38_cutoff_remind_SSP5-Base_2035_baseline', '83a69ba32d3894259955a19df412e316')","NMC111 oxide production, for Li-ion battery",kilogram,CN,ReCiPe Midpoint (H),agricultural land occupation,ALOP,"('biosphere3', '349b29d1-3e58-4c66-98b9-9d1a076efd2e')","Carbon dioxide, fossil",kilogram,,0.0,0.0,0.8541191980794426,biosphere,air,,1.0,kilogram,CN,
47,LNV-EI38-20250303,EI38_cutoff_remind_SSP5-Base_2035_baseline,"('EI38_cutoff_remind_SSP5-Base_2035_baseline', '83a69ba32d3894259955a19df412e316')","NMC111 oxide production, for Li-ion battery",kilogram,CN,ReCiPe Midpoint (H),agricultural land occupation,ALOP,"('biosphere3', '09872080-d143-4fb1-a3a5-647b077107ff')",Water,cubic meter,,0.0,0.0,0.8541191980794426,biosphere,air,non-urban air or from high stacks,1.0,kilogram,CN,
48,LNV-EI38-20250303,EI38_cutoff_remind_SSP5-Base_2035_baseline,"('EI38_cutoff_remind_SSP5-Base_2035_baseline', '83a69ba32d3894259955a19df412e316')","NMC111 oxide production, for Li-ion battery",kilogram,CN,ReCiPe Midpoint (H),freshwater eutrophication,FEP,"('EI38_cutoff_remind_SSP5-Base_2035_baseline', '20a0bb96648ef4c27b2913e13142dda9')",market for NMC111 hydroxide,kilogram,CN,0.007604025456899623,52.068770697035674,0.014603812141338931,technosphere,,,1.0,kilogram,CN,
49,LNV-EI38-20250303,EI38_cutoff_remind_SSP5-Base_2035_baseline,"('EI38_cutoff_remind_SSP5-Base_2035_baseline', '83a69ba32d3894259955a19df412e316')","NMC111 oxide production, for Li-ion battery",kilogram,CN,ReCiPe Midpoint (H),freshwater eutrophication,FEP,"('EI38_cutoff_remind_SSP5-Base_2035_baseline', 'ea0f506976c44dc9ae1be7f935eb76ef')","market group for electricity, medium voltage",kilowatt hour,CHA,0.004813116024013585,32.95794260725337,0.014603812141338931,technosphere,,,1.0,kilogram,CN,
50,LNV-EI38-20250303,EI38_cutoff_remind_SSP5-Base_2035_baseline,"('EI38_cutoff_remind_SSP5-Base_2035_baseline', '83a69ba32d3894259955a19df412e316')","NMC111 oxide production, for Li-ion battery",kilogram,CN,ReCiPe Midpoint (H),freshwater eutrophication,FEP,"('EI38_cutoff_remind_SSP5-Base_2035_baseline', '29efbc51f88f985a1c665df2bd11a18f')",market for lithium carbonate,kilogram,GLO,0.002077513185390309,14.225827922762058,0.014603812141338931,technosphere,,,1.0,kilogram,CN,
51,LNV-EI38-20250303,EI38_cutoff_remind_SSP5-Base_2035_baseline,"('EI38_cutoff_remind_SSP5-Base_2035_baseline', '83a69ba32d3894259955a19df412e316')","NMC111 oxide production, for Li-ion battery",kilogram,CN,ReCiPe Midpoint (H),freshwater eutrophication,FEP,"('EI38_cutoff_remind_SSP5-Base_2035_baseline', 'bbec888be3ba3103fb7fdef5344a5304')","market for chemical factory, organics",unit,GLO,0.00010915747503541478,0.7474587729489023,0.014603812141338931,technosphere,,,1.0,kilogram,CN,
52,LNV-EI38-20250303,EI38_cutoff_remind_SSP5-Base_2035_baseline,"('EI38_cutoff_remind_SSP5-Base_2035_baseline', '83a69ba32d3894259955a19df412e316')","NMC111 oxide production, for Li-ion battery",kilogram,CN,ReCiPe Midpoint (H),freshwater eutrophication,FEP,"('biosphere3', '349b29d1-3e58-4c66-98b9-9d1a076efd2e')","Carbon dioxide, fossil",kilogram,,0.0,0.0,0.014603812141338931,biosphere,air,,1.0,kilogram,CN,
53,LNV-EI38-20250303,EI38_cutoff_remind_SSP5-Base_2035_baseline,"('EI38_cutoff_remind_SSP5-Base_2035_baseline', '83a69ba32d3894259955a19df412e316')","NMC111 oxide production, for Li-ion battery",kilogram,CN,ReCiPe Midpoint (H),freshwater eutrophication,FEP,"('biosphere3', '09872080-d143-4fb1-a3a5-647b077107ff')",Water,cubic meter,,0.0,0.0,0.014603812141338931,biosphere,air,non-urban air or from high stacks,1.0,kilogram,CN,
54,LNV-EI38-20250303,EI38_cutoff_remind_SSP5-Base_2035_baseline,"('EI38_cutoff_remind_SSP5-Base_2035_baseline', '83a69ba32d3894259955a19df412e316')","NMC111 oxide production, for Li-ion battery",kilogram,CN,ReCiPe Midpoint (H),metal depletion,MDP,"('EI38_cutoff_remind_SSP5-Base_2035_baseline', '20a0bb96648ef4c27b2913e13142dda9')",market for NMC111 hydroxide,kilogram,CN,97.72928222049845,99.54151331547733,98.17942179637618,technosphere,,,1.0,kilogram,CN,
55,LNV-EI38-20250303,EI38_cutoff_remind_SSP5-Base_2035_baseline,"('EI38_cutoff_remind_SSP5-Base_2035_baseline', '83a69ba32d3894259955a19df412e316')","NMC111 oxide production, for Li-ion battery",kilogram,CN,ReCiPe Midpoint (H),metal depletion,MDP,"('EI38_cutoff_remind_SSP5-Base_2035_baseline', '29efbc51f88f985a1c665df2bd11a18f')",market for lithium carbonate,kilogram,GLO,0.30109181270227775,0.3066750722231195,98.17942179637618,technosphere,,,1.0,kilogram,CN,
56,LNV-EI38-20250303,EI38_cutoff_remind_SSP5-Base_2035_baseline,"('EI38_cutoff_remind_SSP5-Base_2035_baseline', '83a69ba32d3894259955a19df412e316')","NMC111 oxide production, for Li-ion battery",kilogram,CN,ReCiPe Midpoint (H),metal depletion,MDP,"('EI38_cutoff_remind_SSP5-Base_2035_baseline', 'bbec888be3ba3103fb7fdef5344a5304')","market for chemical factory, organics",unit,GLO,0.09339184845060812,0.09512364886839783,98.17942179637618,technosphere,,,1.0,kilogram,CN,
57,LNV-EI38-20250303,EI38_cutoff_remind_SSP5-Base_2035_baseline,"('EI38_cutoff_remind_SSP5-Base_2035_baseline', '83a69ba32d3894259955a19df412e316')","NMC111 oxide production, for Li-ion battery",kilogram,CN,ReCiPe Midpoint (H),metal depletion,MDP,"('EI38_cutoff_remind_SSP5-Base_2035_baseline', 'ea0f506976c44dc9ae1be7f935eb76ef')","market group for electricity, medium voltage",kilowatt hour,CHA,0.05565591472484489,0.05668796343115067,98.17942179637618,technosphere,,,1.0,kilogram,CN,
58,LNV-EI38-20250303,EI38_cutoff_remind_SSP5-Base_2035_baseline,"('EI38_cutoff_remind_SSP5-Base_2035_baseline', '83a69ba32d3894259955a19df412e316')","NMC111 oxide production, for Li-ion battery",kilogram,CN,ReCiPe Midpoint (H),metal depletion,MDP,"('biosphere3', '349b29d1-3e58-4c66-98b9-9d1a076efd2e')","Carbon dioxide, fossil",kilogram,,0.0,0.0,98.17942179637618,biosphere,air,,1.0,kilogram,CN,
59,LNV-EI38-20250303,EI38_cutoff_remind_SSP5-Base_2035_baseline,"('EI38_cutoff_remind_SSP5-Base_2035_baseline', '83a69ba32d3894259955a19df412e316')","NMC111 oxide production, for Li-ion battery",kilogram,CN,ReCiPe Midpoint (H),metal depletion,MDP,"('biosphere3', '09872080-d143-4fb1-a3a5-647b077107ff')",Water,cubic meter,,0.0,0.0,98.17942179637618,biosphere,air,non-urban air or from high stacks,1.0,kilogram,CN,
60,LNV-EI38-20250303,EI38_cutoff_remind_SSP5-Base_2035_baseline,"('EI38_cutoff_remind_SSP5-Base_2035_baseline', '83a69ba32d3894259955a19df412e316')","NMC111 oxide production, for Li-ion battery",kilogram,CN,ReCiPe Midpoint (H),terrestrial acidification,TAP100,"('EI38_cutoff_remind_SSP5-Base_2035_baseline', '20a0bb96648ef4c27b2913e13142dda9')",market for NMC111 hydroxide,kilogram,CN,0.16971428692224017,86.87278312008387,0.19535956006801908,technosphere,,,1.0,kilogram,CN,
61,LNV-EI38-20250303,EI38_cutoff_remind_SSP5-Base_2035_baseline,"('EI38_cutoff_remind_SSP5-Base_2035_baseline', '83a69ba32d3894259955a19df412e316')","NMC111 oxide production, for Li-ion battery",kilogram,CN,ReCiPe Midpoint (H),terrestrial acidification,TAP100,"('EI38_cutoff_remind_SSP5-Base_2035_baseline', '29efbc51f88f985a1c665df2bd11a18f')",market for lithium carbonate,kilogram,GLO,0.017206255079383656,8.807480459821312,0.19535956006801908,technosphere,,,1.0,kilogram,CN,
62,LNV-EI38-20250303,EI38_cutoff_remind_SSP5-Base_2035_baseline,"('EI38_cutoff_remind_SSP5-Base_2035_baseline', '83a69ba32d3894259955a19df412e316')","NMC111 oxide production, for Li-ion battery",kilogram,CN,ReCiPe Midpoint (H),terrestrial acidification,TAP100,"('EI38_cutoff_remind_SSP5-Base_2035_baseline', 'ea0f506976c44dc9ae1be7f935eb76ef')","market group for electricity, medium voltage",kilowatt hour,CHA,0.007588924439481735,3.884593329775861,0.19535956006801908,technosphere,,,1.0,kilogram,CN,
63,LNV-EI38-20250303,EI38_cutoff_remind_SSP5-Base_2035_baseline,"('EI38_cutoff_remind_SSP5-Base_2035_baseline', '83a69ba32d3894259955a19df412e316')","NMC111 oxide production, for Li-ion battery",kilogram,CN,ReCiPe Midpoint (H),terrestrial acidification,TAP100,"('EI38_cutoff_remind_SSP5-Base_2035_baseline', 'bbec888be3ba3103fb7fdef5344a5304')","market for chemical factory, organics",unit,GLO,0.0008500936269135077,0.43514309031896226,0.19535956006801908,technosphere,,,1.0,kilogram,CN,
64,LNV-EI38-20250303,EI38_cutoff_remind_SSP5-Base_2035_baseline,"('EI38_cutoff_remind_SSP5-Base_2035_baseline', '83a69ba32d3894259955a19df412e316')","NMC111 oxide production, for Li-ion battery",kilogram,CN,ReCiPe Midpoint (H),terrestrial acidification,TAP100,"('biosphere3', '349b29d1-3e58-4c66-98b9-9d1a076efd2e')","Carbon dioxide, fossil",kilogram,,0.0,0.0,0.19535956006801908,biosphere,air,,1.0,kilogram,CN,
65,LNV-EI38-20250303,EI38_cutoff_remind_SSP5-Base_2035_baseline,"('EI38_cutoff_remind_SSP5-Base_2035_baseline', '83a69ba32d3894259955a19df412e316')","NMC111 oxide production, for Li-ion battery",kilogram,CN,ReCiPe Midpoint (H),terrestrial acidification,TAP100,"('biosphere3', '09872080-d143-4fb1-a3a5-647b077107ff')",Water,cubic meter,,0.0,0.0,0.19535956006801908,biosphere,air,non-urban air or from high stacks,1.0,kilogram,CN,
66,LNV-EI38-20250303,EI38_cutoff_remind_SSP5-Base_2035_baseline,"('EI38_cutoff_remind_SSP5-Base_2035_baseline', '83a69ba32d3894259955a19df412e316')","NMC111 oxide production, for Li-ion battery",kilogram,CN,ReCiPe Midpoint (H),water depletion,WDP,"('EI38_cutoff_remind_SSP5-Base_2035_baseline', '20a0bb96648ef4c27b2913e13142dda9')",market for NMC111 hydroxide,kilogram,CN,0.31789509113854414,85.55962330118355,0.37154802566100903,technosphere,,,1.0,kilogram,CN,
67,LNV-EI38-20250303,EI38_cutoff_remind_SSP5-Base_2035_baseline,"('EI38_cutoff_remind_SSP5-Base_2035_baseline', '83a69ba32d3894259955a19df412e316')","NMC111 oxide production, for Li-ion battery",kilogram,CN,ReCiPe Midpoint (H),water depletion,WDP,"('EI38_cutoff_remind_SSP5-Base_2035_baseline', '29efbc51f88f985a1c665df2bd11a18f')",market for lithium carbonate,kilogram,GLO,0.03515964893692495,9.46301595180692,0.37154802566100903,technosphere,,,1.0,kilogram,CN,
68,LNV-EI38-20250303,EI38_cutoff_remind_SSP5-Base_2035_baseline,"('EI38_cutoff_remind_SSP5-Base_2035_baseline', '83a69ba32d3894259955a19df412e316')","NMC111 oxide production, for Li-ion battery",kilogram,CN,ReCiPe Midpoint (H),water depletion,WDP,"('EI38_cutoff_remind_SSP5-Base_2035_baseline', 'ea0f506976c44dc9ae1be7f935eb76ef')","market group for electricity, medium voltage",kilowatt hour,CHA,0.01773466701278405,4.773182950234463,0.37154802566100903,technosphere,,,1.0,kilogram,CN,
69,LNV-EI38-20250303,EI38_cutoff_remind_SSP5-Base_2035_baseline,"('EI38_cutoff_remind_SSP5-Base_2035_baseline', '83a69ba32d3894259955a19df412e316')","NMC111 oxide production, for Li-ion battery",kilogram,CN,ReCiPe Midpoint (H),water depletion,WDP,"('EI38_cutoff_remind_SSP5-Base_2035_baseline', 'bbec888be3ba3103fb7fdef5344a5304')","market for chemical factory, organics",unit,GLO,0.0007586185727558944,0.20417779677506312,0.37154802566100903,technosphere,,,1.0,kilogram,CN,
70,LNV-EI38-20250303,EI38_cutoff_remind_SSP5-Base_2035_baseline,"('EI38_cutoff_remind_SSP5-Base_2035_baseline', '83a69ba32d3894259955a19df412e316')","NMC111 oxide production, for Li-ion battery",kilogram,CN,ReCiPe Midpoint (H),water depletion,WDP,"('biosphere3', '349b29d1-3e58-4c66-98b9-9d1a076efd2e')","Carbon dioxide, fossil",kilogram,,0.0,0.0,0.37154802566100903,biosphere,air,,1.0,kilogram,CN,
71,LNV-EI38-20250303,EI38_cutoff_remind_SSP5-Base_2035_baseline,"('EI38_cutoff_remind_SSP5-Base_2035_baseline', '83a69ba32d3894259955a19df412e316')","NMC111 oxide production, for Li-ion battery",kilogram,CN,ReCiPe Midpoint (H),water depletion,WDP,"('biosphere3', '09872080-d143-4fb1-a3a5-647b077107ff')",Water,cubic meter,,0.0,0.0,0.37154802566100903,biosphere,air,non-urban air or from high stacks,1.0,kilogram,CN,
72,LNV-EI38-20250303,EI38_cutoff_remind_SSP5-Base_2035_baseline,"('EI38_cutoff_remind_SSP5-Base_2035_baseline', '83a69ba32d3894259955a19df412e316')","NMC111 oxide production, for Li-ion battery",kilogram,CN,ReCiPe Midpoint (H),urban land occupation,ULOP,"('EI38_cutoff_remind_SSP5-Base_2035_baseline', '20a0bb96648ef4c27b2913e13142dda9')",market for NMC111 hydroxide,kilogram,CN,0.515122307871847,79.31148479611325,0.6494927048662329,technosphere,,,1.0,kilogram,CN,
73,LNV-EI38-20250303,EI38_cutoff_remind_SSP5-Base_2035_baseline,"('EI38_cutoff_remind_SSP5-Base_2035_baseline', '83a69ba32d3894259955a19df412e316')","NMC111 oxide production, for Li-ion battery",kilogram,CN,ReCiPe Midpoint (H),urban land occupation,ULOP,"('EI38_cutoff_remind_SSP5-Base_2035_baseline', '29efbc51f88f985a1c665df2bd11a18f')",market for lithium carbonate,kilogram,GLO,0.07792382633413078,11.997644584811724,0.6494927048662329,technosphere,,,1.0,kilogram,CN,
74,LNV-EI38-20250303,EI38_cutoff_remind_SSP5-Base_2035_baseline,"('EI38_cutoff_remind_SSP5-Base_2035_baseline', '83a69ba32d3894259955a19df412e316')","NMC111 oxide production, for Li-ion battery",kilogram,CN,ReCiPe Midpoint (H),urban land occupation,ULOP,"('EI38_cutoff_remind_SSP5-Base_2035_baseline', 'ea0f506976c44dc9ae1be7f935eb76ef')","market group for electricity, medium voltage",kilowatt hour,CHA,0.05067492028189472,7.802230864522418,0.6494927048662329,technosphere,,,1.0,kilogram,CN,
75,LNV-EI38-20250303,EI38_cutoff_remind_SSP5-Base_2035_baseline,"('EI38_cutoff_remind_SSP5-Base_2035_baseline', '83a69ba32d3894259955a19df412e316')","NMC111 oxide production, for Li-ion battery",kilogram,CN,ReCiPe Midpoint (H),urban land occupation,ULOP,"('EI38_cutoff_remind_SSP5-Base_2035_baseline', 'bbec888be3ba3103fb7fdef5344a5304')","market for chemical factory, organics",unit,GLO,0.005771650378360509,0.8886397545526269,0.6494927048662329,technosphere,,,1.0,kilogram,CN,
76,LNV-EI38-20250303,EI38_cutoff_remind_SSP5-Base_2035_baseline,"('EI38_cutoff_remind_SSP5-Base_2035_baseline', '83a69ba32d3894259955a19df412e316')","NMC111 oxide production, for Li-ion battery",kilogram,CN,ReCiPe Midpoint (H),urban land occupation,ULOP,"('biosphere3', '349b29d1-3e58-4c66-98b9-9d1a076efd2e')","Carbon dioxide, fossil",kilogram,,0.0,0.0,0.6494927048662329,biosphere,air,,1.0,kilogram,CN,
77,LNV-EI38-20250303,EI38_cutoff_remind_SSP5-Base_2035_baseline,"('EI38_cutoff_remind_SSP5-Base_2035_baseline', '83a69ba32d3894259955a19df412e316')","NMC111 oxide production, for Li-ion battery",kilogram,CN,ReCiPe Midpoint (H),urban land occupation,ULOP,"('biosphere3', '09872080-d143-4fb1-a3a5-647b077107ff')",Water,cubic meter,,0.0,0.0,0.6494927048662329,biosphere,air,non-urban air or from high stacks,1.0,kilogram,CN,
78,LNV-EI38-20250303,EI38_cutoff_remind_SSP5-Base_2035_baseline,"('EI38_cutoff_remind_SSP5-Base_2035_baseline', '83a69ba32d3894259955a19df412e316')","NMC111 oxide production, for Li-ion battery",kilogram,CN,ReCiPe Midpoint (H),ionising radiation,IRP_HE,"('EI38_cutoff_remind_SSP5-Base_2035_baseline', '20a0bb96648ef4c27b2913e13142dda9')",market for NMC111 hydroxide,kilogram,CN,7.875446455989409,94.15798763662829,8.364076860246948,technosphere,,,1.0,kilogram,CN,
79,LNV-EI38-20250303,EI38_cutoff_remind_SSP5-Base_2035_baseline,"('EI38_cutoff_remind_SSP5-Base_2035_baseline', '83a69ba32d3894259955a19df412e316')","NMC111 oxide production, for Li-ion battery",kilogram,CN,ReCiPe Midpoint (H),ionising radiation,IRP_HE,"('EI38_cutoff_remind_SSP5-Base_2035_baseline', 'ea0f506976c44dc9ae1be7f935eb76ef')","market group for electricity, medium voltage",kilowatt hour,CHA,0.32269490695921027,3.8581054711838543,8.364076860246948,technosphere,,,1.0,kilogram,CN,
80,LNV-EI38-20250303,EI38_cutoff_remind_SSP5-Base_2035_baseline,"('EI38_cutoff_remind_SSP5-Base_2035_baseline', '83a69ba32d3894259955a19df412e316')","NMC111 oxide production, for Li-ion battery",kilogram,CN,ReCiPe Midpoint (H),ionising radiation,IRP_HE,"('EI38_cutoff_remind_SSP5-Base_2035_baseline', '29efbc51f88f985a1c665df2bd11a18f')",market for lithium carbonate,kilogram,GLO,0.1572538120017639,1.8801096000105502,8.364076860246948,technosphere,,,1.0,kilogram,CN,
81,LNV-EI38-20250303,EI38_cutoff_remind_SSP5-Base_2035_baseline,"('EI38_cutoff_remind_SSP5-Base_2035_baseline', '83a69ba32d3894259955a19df412e316')","NMC111 oxide production, for Li-ion battery",kilogram,CN,ReCiPe Midpoint (H),ionising radiation,IRP_HE,"('EI38_cutoff_remind_SSP5-Base_2035_baseline', 'bbec888be3ba3103fb7fdef5344a5304')","market for chemical factory, organics",unit,GLO,0.008681685296563399,0.10379729217728725,8.364076860246948,technosphere,,,1.0,kilogram,CN,
82,LNV-EI38-20250303,EI38_cutoff_remind_SSP5-Base_2035_baseline,"('EI38_cutoff_remind_SSP5-Base_2035_baseline', '83a69ba32d3894259955a19df412e316')","NMC111 oxide production, for Li-ion battery",kilogram,CN,ReCiPe Midpoint (H),ionising radiation,IRP_HE,"('biosphere3', '349b29d1-3e58-4c66-98b9-9d1a076efd2e')","Carbon dioxide, fossil",kilogram,,0.0,0.0,8.364076860246948,biosphere,air,,1.0,kilogram,CN,
83,LNV-EI38-20250303,EI38_cutoff_remind_SSP5-Base_2035_baseline,"('EI38_cutoff_remind_SSP5-Base_2035_baseline', '83a69ba32d3894259955a19df412e316')","NMC111 oxide production, for Li-ion battery",kilogram,CN,ReCiPe Midpoint (H),ionising radiation,IRP_HE,"('biosphere3', '09872080-d143-4fb1-a3a5-647b077107ff')",Water,cubic meter,,0.0,0.0,8.364076860246948,biosphere,air,non-urban air or from high stacks,1.0,kilogram,CN,
84,LNV-EI38-20250303,EI38_cutoff_remind_SSP5-Base_2035_baseline,"('EI38_cutoff_remind_SSP5-Base_2035_baseline', '83a69ba32d3894259955a19df412e316')","NMC111 oxide production, for Li-ion battery",kilogram,CN,ReCiPe Midpoint (H),fossil depletion,FDP,"('EI38_cutoff_remind_SSP5-Base_2035_baseline', '20a0bb96648ef4c27b2913e13142dda9')",market for NMC111 hydroxide,kilogram,CN,6.817615683604815,77.32493666442947,8.816839660912406,technosphere,,,1.0,kilogram,CN,
85,LNV-EI38-20250303,EI38_cutoff_remind_SSP5-Base_2035_baseline,"('EI38_cutoff_remind_SSP5-Base_2035_baseline', '83a69ba32d3894259955a19df412e316')","NMC111 oxide production, for Li-ion battery",kilogram,CN,ReCiPe Midpoint (H),fossil depletion,FDP,"('EI38_cutoff_remind_SSP5-Base_2035_baseline', 'ea0f506976c44dc9ae1be7f935eb76ef')","market group for electricity, medium voltage",kilowatt hour,CHA,1.1460641757582954,12.998582483462057,8.816839660912406,technosphere,,,1.0,kilogram,CN,
86,LNV-EI38-20250303,EI38_cutoff_remind_SSP5-Base_2035_baseline,"('EI38_cutoff_remind_SSP5-Base_2035_baseline', '83a69ba32d3894259955a19df412e316')","NMC111 oxide production, for Li-ion battery",kilogram,CN,ReCiPe Midpoint (H),fossil depletion,FDP,"('EI38_cutoff_remind_SSP5-Base_2035_baseline', '29efbc51f88f985a1c665df2bd11a18f')",market for lithium carbonate,kilogram,GLO,0.8251456620858002,9.35874637421285,8.816839660912406,technosphere,,,1.0,kilogram,CN,
87,LNV-EI38-20250303,EI38_cutoff_remind_SSP5-Base_2035_baseline,"('EI38_cutoff_remind_SSP5-Base_2035_baseline', '83a69ba32d3894259955a19df412e316')","NMC111 oxide production, for Li-ion battery",kilogram,CN,ReCiPe Midpoint (H),fossil depletion,FDP,"('EI38_cutoff_remind_SSP5-Base_2035_baseline', 'bbec888be3ba3103fb7fdef5344a5304')","market for chemical factory, organics",unit,GLO,0.02801413946349452,0.3177344778956261,8.816839660912406,technosphere,,,1.0,kilogram,CN,
88,LNV-EI38-20250303,EI38_cutoff_remind_SSP5-Base_2035_baseline,"('EI38_cutoff_remind_SSP5-Base_2035_baseline', '83a69ba32d3894259955a19df412e316')","NMC111 oxide production, for Li-ion battery",kilogram,CN,ReCiPe Midpoint (H),fossil depletion,FDP,"('biosphere3', '349b29d1-3e58-4c66-98b9-9d1a076efd2e')","Carbon dioxide, fossil",kilogram,,0.0,0.0,8.816839660912406,biosphere,air,,1.0,kilogram,CN,
89,LNV-EI38-20250303,EI38_cutoff_remind_SSP5-Base_2035_baseline,"('EI38_cutoff_remind_SSP5-Base_2035_baseline', '83a69ba32d3894259955a19df412e316')","NMC111 oxide production, for Li-ion battery",kilogram,CN,ReCiPe Midpoint (H),fossil depletion,FDP,"('biosphere3', '09872080-d143-4fb1-a3a5-647b077107ff')",Water,cubic meter,,0.0,0.0,8.816839660912406,biosphere,air,non-urban air or from high stacks,1.0,kilogram,CN,
90,LNV-EI38-20250303,EI38_cutoff_remind_SSP5-Base_2035_baseline,"('EI38_cutoff_remind_SSP5-Base_2035_baseline', '83a69ba32d3894259955a19df412e316')","NMC111 oxide production, for Li-ion battery",kilogram,CN,ReCiPe Midpoint (H),freshwater ecotoxicity,FETPinf,"('EI38_cutoff_remind_SSP5-Base_2035_baseline', '20a0bb96648ef4c27b2913e13142dda9')",market for NMC111 hydroxide,kilogram,CN,2.3516104456640394,85.89526352655011,2.737764981578012,technosphere,,,1.0,kilogram,CN,
91,LNV-EI38-20250303,EI38_cutoff_remind_SSP5-Base_2035_baseline,"('EI38_cutoff_remind_SSP5-Base_2035_baseline', '83a69ba32d3894259955a19df412e316')","NMC111 oxide production, for Li-ion battery",kilogram,CN,ReCiPe Midpoint (H),freshwater ecotoxicity,FETPinf,"('EI38_cutoff_remind_SSP5-Base_2035_baseline', '29efbc51f88f985a1c665df2bd11a18f')",market for lithium carbonate,kilogram,GLO,0.22624143865359633,8.263727535998862,2.737764981578012,technosphere,,,1.0,kilogram,CN,
92,LNV-EI38-20250303,EI38_cutoff_remind_SSP5-Base_2035_baseline,"('EI38_cutoff_remind_SSP5-Base_2035_baseline', '83a69ba32d3894259955a19df412e316')","NMC111 oxide production, for Li-ion battery",kilogram,CN,ReCiPe Midpoint (H),freshwater ecotoxicity,FETPinf,"('EI38_cutoff_remind_SSP5-Base_2035_baseline', 'ea0f506976c44dc9ae1be7f935eb76ef')","market group for electricity, medium voltage",kilowatt hour,CHA,0.12391636094972505,4.526186936553673,2.737764981578012,technosphere,,,1.0,kilogram,CN,
93,LNV-EI38-20250303,EI38_cutoff_remind_SSP5-Base_2035_baseline,"('EI38_cutoff_remind_SSP5-Base_2035_baseline', '83a69ba32d3894259955a19df412e316')","NMC111 oxide production, for Li-ion battery",kilogram,CN,ReCiPe Midpoint (H),freshwater ecotoxicity,FETPinf,"('EI38_cutoff_remind_SSP5-Base_2035_baseline', 'bbec888be3ba3103fb7fdef5344a5304')","market for chemical factory, organics",unit,GLO,0.03599673631065124,1.3148220008973595,2.737764981578012,technosphere,,,1.0,kilogram,CN,
94,LNV-EI38-20250303,EI38_cutoff_remind_SSP5-Base_2035_baseline,"('EI38_cutoff_remind_SSP5-Base_2035_baseline', '83a69ba32d3894259955a19df412e316')","NMC111 oxide production, for Li-ion battery",kilogram,CN,ReCiPe Midpoint (H),freshwater ecotoxicity,FETPinf,"('biosphere3', '349b29d1-3e58-4c66-98b9-9d1a076efd2e')","Carbon dioxide, fossil",kilogram,,0.0,0.0,2.737764981578012,biosphere,air,,1.0,kilogram,CN,
95,LNV-EI38-20250303,EI38_cutoff_remind_SSP5-Base_2035_baseline,"('EI38_cutoff_remind_SSP5-Base_2035_baseline', '83a69ba32d3894259955a19df412e316')","NMC111 oxide production, for Li-ion battery",kilogram,CN,ReCiPe Midpoint (H),freshwater ecotoxicity,FETPinf,"('biosphere3', '09872080-d143-4fb1-a3a5-647b077107ff')",Water,cubic meter,,0.0,0.0,2.737764981578012,biosphere,air,non-urban air or from high stacks,1.0,kilogram,CN,
96,LNV-EI38-20250303,EI38_cutoff_remind_SSP5-Base_2035_baseline,"('EI38_cutoff_remind_SSP5-Base_2035_baseline', '83a69ba32d3894259955a19df412e316')","NMC111 oxide production, for Li-ion battery",kilogram,CN,ReCiPe Midpoint (H),marine ecotoxicity,METPinf,"('EI38_cutoff_remind_SSP5-Base_2035_baseline', '20a0bb96648ef4c27b2913e13142dda9')",market for NMC111 hydroxide,kilogram,CN,2.184424010125139,88.47646428086775,2.4689323063257866,technosphere,,,1.0,kilogram,CN,
97,LNV-EI38-20250303,EI38_cutoff_remind_SSP5-Base_2035_baseline,"('EI38_cutoff_remind_SSP5-Base_2035_baseline', '83a69ba32d3894259955a19df412e316')","NMC111 oxide production, for Li-ion battery",kilogram,CN,ReCiPe Midpoint (H),marine ecotoxicity,METPinf,"('EI38_cutoff_remind_SSP5-Base_2035_baseline', '29efbc51f88f985a1c665df2bd11a18f')",market for lithium carbonate,kilogram,GLO,0.13807031195062108,5.5923085293535015,2.4689323063257866,technosphere,,,1.0,kilogram,CN,
98,LNV-EI38-20250303,EI38_cutoff_remind_SSP5-Base_2035_baseline,"('EI38_cutoff_remind_SSP5-Base_2035_baseline', '83a69ba32d3894259955a19df412e316')","NMC111 oxide production, for Li-ion battery",kilogram,CN,ReCiPe Midpoint (H),marine ecotoxicity,METPinf,"('EI38_cutoff_remind_SSP5-Base_2035_baseline', 'ea0f506976c44dc9ae1be7f935eb76ef')","market group for electricity, medium voltage",kilowatt hour,CHA,0.11386300585059227,4.6118318253950354,2.4689323063257866,technosphere,,,1.0,kilogram,CN,
99,LNV-EI38-20250303,EI38_cutoff_remind_SSP5-Base_2035_baseline,"('EI38_cutoff_remind_SSP5-Base_2035_baseline', '83a69ba32d3894259955a19df412e316')","NMC111 oxide production, for Li-ion battery",kilogram,CN,ReCiPe Midpoint (H),marine ecotoxicity,METPinf,"('EI38_cutoff_remind_SSP5-Base_2035_baseline', 'bbec888be3ba3103fb7fdef5344a5304')","market for chemical factory, organics",unit,GLO,0.03257497839943422,1.3193953643837089,2.4689323063257866,technosphere,,,1.0,kilogram,CN,
100,LNV-EI38-20250303,EI38_cutoff_remind_SSP5-Base_2035_baseline,"('EI38_cutoff_remind_SSP5-Base_2035_baseline', '83a69ba32d3894259955a19df412e316')","NMC111 oxide production, for Li-ion battery",kilogram,CN,ReCiPe Midpoint (H),marine ecotoxicity,METPinf,"('biosphere3', '349b29d1-3e58-4c66-98b9-9d1a076efd2e')","Carbon dioxide, fossil",kilogram,,0.0,0.0,2.4689323063257866,biosphere,air,,1.0,kilogram,CN,
101,LNV-EI38-20250303,EI38_cutoff_remind_SSP5-Base_2035_baseline,"('EI38_cutoff_remind_SSP5-Base_2035_baseline', '83a69ba32d3894259955a19df412e316')","NMC111 oxide production, for Li-ion battery",kilogram,CN,ReCiPe Midpoint (H),marine ecotoxicity,METPinf,"('biosphere3', '09872080-d143-4fb1-a3a5-647b077107ff')",Water,cubic meter,,0.0,0.0,2.4689323063257866,biosphere,air,non-urban air or from high stacks,1.0,kilogram,CN,
102,LNV-EI38-20250303,EI38_cutoff_remind_SSP5-Base_2035_baseline,"('EI38_cutoff_remind_SSP5-Base_2035_baseline', '83a69ba32d3894259955a19df412e316')","NMC111 oxide production, for Li-ion battery",kilogram,CN,ReCiPe Midpoint (H),ozone depletion,ODPinf,"('EI38_cutoff_remind_SSP5-Base_2035_baseline', '20a0bb96648ef4c27b2913e13142dda9')",market for NMC111 hydroxide,kilogram,CN,2.727154615101655e-06,89.01206772459508,3.0638032401848252e-06,technosphere,,,1.0,kilogram,CN,
103,LNV-EI38-20250303,EI38_cutoff_remind_SSP5-Base_2035_baseline,"('EI38_cutoff_remind_SSP5-Base_2035_baseline', '83a69ba32d3894259955a19df412e316')","NMC111 oxide production, for Li-ion battery",kilogram,CN,ReCiPe Midpoint (H),ozone depletion,ODPinf,"('EI38_cutoff_remind_SSP5-Base_2035_baseline', '29efbc51f88f985a1c665df2bd11a18f')",market for lithium carbonate,kilogram,GLO,3.0401630630624607e-07,9.922840419997277,3.0638032401848252e-06,technosphere,,,1.0,kilogram,CN,
104,LNV-EI38-20250303,EI38_cutoff_remind_SSP5-Base_2035_baseline,"('EI38_cutoff_remind_SSP5-Base_2035_baseline', '83a69ba32d3894259955a19df412e316')","NMC111 oxide production, for Li-ion battery",kilogram,CN,ReCiPe Midpoint (H),ozone depletion,ODPinf,"('EI38_cutoff_remind_SSP5-Base_2035_baseline', 'ea0f506976c44dc9ae1be7f935eb76ef')","market group for electricity, medium voltage",kilowatt hour,CHA,2.6013861250307897e-08,0.8490708838319069,3.0638032401848252e-06,technosphere,,,1.0,kilogram,CN,
105,LNV-EI38-20250303,EI38_cutoff_remind_SSP5-Base_2035_baseline,"('EI38_cutoff_remind_SSP5-Base_2035_baseline', '83a69ba32d3894259955a19df412e316')","NMC111 oxide production, for Li-ion battery",kilogram,CN,ReCiPe Midpoint (H),ozone depletion,ODPinf,"('EI38_cutoff_remind_SSP5-Base_2035_baseline', 'bbec888be3ba3103fb7fdef5344a5304')","market for chemical factory, organics",unit,GLO,6.618457526616211e-09,0.21602097157573832,3.0638032401848252e-06,technosphere,,,1.0,kilogram,CN,
106,LNV-EI38-20250303,EI38_cutoff_remind_SSP5-Base_2035_baseline,"('EI38_cutoff_remind_SSP5-Base_2035_baseline', '83a69ba32d3894259955a19df412e316')","NMC111 oxide production, for Li-ion battery",kilogram,CN,ReCiPe Midpoint (H),ozone depletion,ODPinf,"('biosphere3', '349b29d1-3e58-4c66-98b9-9d1a076efd2e')","Carbon dioxide, fossil",kilogram,,0.0,0.0,3.0638032401848252e-06,biosphere,air,,1.0,kilogram,CN,
107,LNV-EI38-20250303,EI38_cutoff_remind_SSP5-Base_2035_baseline,"('EI38_cutoff_remind_SSP5-Base_2035_baseline', '83a69ba32d3894259955a19df412e316')","NMC111 oxide production, for Li-ion battery",kilogram,CN,ReCiPe Midpoint (H),ozone depletion,ODPinf,"('biosphere3', '09872080-d143-4fb1-a3a5-647b077107ff')",Water,cubic meter,,0.0,0.0,3.0638032401848252e-06,biosphere,air,non-urban air or from high stacks,1.0,kilogram,CN,
