Unnamed: 0,project_name,db_name,activity_id,activity_name,activity_unit,activity_location,impact_method,impact_category,impact_indicator,sub_activity_id,sub_activity,sub_activity_unit,sub_activity_location,value,percentage,total_impact,exchange_type,compartment,sub_compartment,production_amount,production_unit,production_location,activity_categories,VSI_modify,coeff_2025,coeff_2030,coeff_2035,coeff_2040,coeff_source,coeff_comments,id_to_match,coeff_tech
0,test-EI38-SSP1-Base,EI38_cutoff_remind_SSP1-Base_2025_baseline,"('EI38_cutoff_remind_SSP1-Base_2025_baseline', 'f5ec689f258fc22994162fe53b025b0d')",processing of nickel-rich materials,kilogram,GLO,ReCiPe Midpoint (H),terrestrial ecotoxicity,TETPinf,"('EI38_cutoff_remind_SSP1-Base_2025_baseline', 'bb299d5a3631b740837d10a32e350c8a')",market for nickel-rich materials,kilogram,GLO,0.00268509651680873,97.8662406682251,0.00274363917370796,technosphere,,,1,kilogram,GLO,Absent,,,,,,,,market for nickel-rich materials_,
1,test-EI38-SSP1-Base,EI38_cutoff_remind_SSP1-Base_2025_baseline,"('EI38_cutoff_remind_SSP1-Base_2025_baseline', 'f5ec689f258fc22994162fe53b025b0d')",processing of nickel-rich materials,kilogram,GLO,ReCiPe Midpoint (H),terrestrial ecotoxicity,TETPinf,"('EI38_cutoff_remind_SSP1-Base_2025_baseline', '2d07e1a0da591a039eb0743cf16ce816')","market group for electricity, high voltage",kilowatt hour,GLO,3.51274458045322e-05,1.28032308844236,0.00274363917370796,technosphere,,,1,kilogram,GLO,Absent,,,,,,,,"market group for electricity, high voltage_",
2,test-EI38-SSP1-Base,EI38_cutoff_remind_SSP1-Base_2025_baseline,"('EI38_cutoff_remind_SSP1-Base_2025_baseline', 'f5ec689f258fc22994162fe53b025b0d')",processing of nickel-rich materials,kilogram,GLO,ReCiPe Midpoint (H),terrestrial ecotoxicity,TETPinf,"('EI38_cutoff_remind_SSP1-Base_2025_baseline', 'bbec888be3ba3103fb7fdef5344a5304')","market for chemical factory, organics",unit,GLO,1.15981186850042e-05,0.422727550916606,0.00274363917370796,technosphere,,,1,kilogram,GLO,Absent,,,,,,,,"market for chemical factory, organics_",
3,test-EI38-SSP1-Base,EI38_cutoff_remind_SSP1-Base_2025_baseline,"('EI38_cutoff_remind_SSP1-Base_2025_baseline', 'f5ec689f258fc22994162fe53b025b0d')",processing of nickel-rich materials,kilogram,GLO,ReCiPe Midpoint (H),terrestrial ecotoxicity,TETPinf,"('EI38_cutoff_remind_SSP1-Base_2025_baseline', '62e41ec78b96b9df85abc4e3e3017a7d')",market for conveyor belt,meter,GLO,7.44473613197869e-06,0.271345306748821,0.00274363917370796,technosphere,,,1,kilogram,GLO,Absent,,,,,,,,market for conveyor belt_,
4,test-EI38-SSP1-Base,EI38_cutoff_remind_SSP1-Base_2025_baseline,"('EI38_cutoff_remind_SSP1-Base_2025_baseline', 'f5ec689f258fc22994162fe53b025b0d')",processing of nickel-rich materials,kilogram,GLO,ReCiPe Midpoint (H),terrestrial ecotoxicity,TETPinf,"('EI38_cutoff_remind_SSP1-Base_2025_baseline', '4b60443af9fff09f6d18e4188c7031d8')","market group for heat, district or industrial, natural gas",megajoule,GLO,4.19594101531129e-06,0.152933412509946,0.00274363917370796,technosphere,,,1,kilogram,GLO,Absent,,,,,,,,"market group for heat, district or industrial, natural gas_",
5,test-EI38-SSP1-Base,EI38_cutoff_remind_SSP1-Base_2025_baseline,"('EI38_cutoff_remind_SSP1-Base_2025_baseline', 'f5ec689f258fc22994162fe53b025b0d')",processing of nickel-rich materials,kilogram,GLO,ReCiPe Midpoint (H),terrestrial ecotoxicity,TETPinf,"('EI38_cutoff_remind_SSP1-Base_2025_baseline', 'd2f97a0fed00c476e24f9ae926b393c7')",market for nickel smelter slag,kilogram,GLO,1.76415262397301e-07,0.00642997315710726,0.00274363917370796,technosphere,,,1,kilogram,GLO,Absent,,,,,,,,market for nickel smelter slag_,
6,test-EI38-SSP1-Base,EI38_cutoff_remind_SSP1-Base_2025_baseline,"('EI38_cutoff_remind_SSP1-Base_2025_baseline', 'f5ec689f258fc22994162fe53b025b0d')",processing of nickel-rich materials,kilogram,GLO,ReCiPe Midpoint (H),terrestrial ecotoxicity,TETPinf,"('biosphere3', '29630a65-f38c-48a5-9744-c0121f586640')","Transformation, from unspecified",square meter,,0.0,0.0,0.00274363917370796,biosphere,natural resource,land,1,kilogram,GLO,Absent,,,,,,,,"Transformation, from unspecified_natural resource",
7,test-EI38-SSP1-Base,EI38_cutoff_remind_SSP1-Base_2025_baseline,"('EI38_cutoff_remind_SSP1-Base_2025_baseline', 'f5ec689f258fc22994162fe53b025b0d')",processing of nickel-rich materials,kilogram,GLO,ReCiPe Midpoint (H),terrestrial ecotoxicity,TETPinf,"('biosphere3', '626915e9-2424-4059-8b6a-fae47161acdf')","Transformation, to mineral extraction site",square meter,,0.0,0.0,0.00274363917370796,biosphere,natural resource,land,1,kilogram,GLO,Absent,,,,,,,,"Transformation, to mineral extraction site_natural resource",
8,test-EI38-SSP1-Base,EI38_cutoff_remind_SSP1-Base_2025_baseline,"('EI38_cutoff_remind_SSP1-Base_2025_baseline', 'f5ec689f258fc22994162fe53b025b0d')",processing of nickel-rich materials,kilogram,GLO,ReCiPe Midpoint (H),natural land transformation,NLTP,"('EI38_cutoff_remind_SSP1-Base_2025_baseline', 'bb299d5a3631b740837d10a32e350c8a')",market for nickel-rich materials,kilogram,GLO,0.00409242192880624,55.5420291556041,0.00736815343447587,technosphere,,,1,kilogram,GLO,Absent,,,,,,,,market for nickel-rich materials_,
9,test-EI38-SSP1-Base,EI38_cutoff_remind_SSP1-Base_2025_baseline,"('EI38_cutoff_remind_SSP1-Base_2025_baseline', 'f5ec689f258fc22994162fe53b025b0d')",processing of nickel-rich materials,kilogram,GLO,ReCiPe Midpoint (H),natural land transformation,NLTP,"('biosphere3', '29630a65-f38c-48a5-9744-c0121f586640')","Transformation, from unspecified",square meter,,0.00309847896212373,42.05231323802,0.00736815343447587,biosphere,natural resource,land,1,kilogram,GLO,Absent,,,,,,,,"Transformation, from unspecified_natural resource",
10,test-EI38-SSP1-Base,EI38_cutoff_remind_SSP1-Base_2025_baseline,"('EI38_cutoff_remind_SSP1-Base_2025_baseline', 'f5ec689f258fc22994162fe53b025b0d')",processing of nickel-rich materials,kilogram,GLO,ReCiPe Midpoint (H),natural land transformation,NLTP,"('EI38_cutoff_remind_SSP1-Base_2025_baseline', '2d07e1a0da591a039eb0743cf16ce816')","market group for electricity, high voltage",kilowatt hour,GLO,0.000129394118524397,1.75612681895246,0.00736815343447587,technosphere,,,1,kilogram,GLO,Absent,,,,,,,,"market group for electricity, high voltage_",
11,test-EI38-SSP1-Base,EI38_cutoff_remind_SSP1-Base_2025_baseline,"('EI38_cutoff_remind_SSP1-Base_2025_baseline', 'f5ec689f258fc22994162fe53b025b0d')",processing of nickel-rich materials,kilogram,GLO,ReCiPe Midpoint (H),natural land transformation,NLTP,"('EI38_cutoff_remind_SSP1-Base_2025_baseline', '4b60443af9fff09f6d18e4188c7031d8')","market group for heat, district or industrial, natural gas",megajoule,GLO,3.55220298462134e-05,0.482102200532422,0.00736815343447587,technosphere,,,1,kilogram,GLO,Absent,,,,,,,,"market group for heat, district or industrial, natural gas_",
12,test-EI38-SSP1-Base,EI38_cutoff_remind_SSP1-Base_2025_baseline,"('EI38_cutoff_remind_SSP1-Base_2025_baseline', 'f5ec689f258fc22994162fe53b025b0d')",processing of nickel-rich materials,kilogram,GLO,ReCiPe Midpoint (H),natural land transformation,NLTP,"('EI38_cutoff_remind_SSP1-Base_2025_baseline', 'bbec888be3ba3103fb7fdef5344a5304')","market for chemical factory, organics",unit,GLO,1.38459928731493e-05,0.187916728340148,0.00736815343447587,technosphere,,,1,kilogram,GLO,Absent,,,,,,,,"market for chemical factory, organics_",
13,test-EI38-SSP1-Base,EI38_cutoff_remind_SSP1-Base_2025_baseline,"('EI38_cutoff_remind_SSP1-Base_2025_baseline', 'f5ec689f258fc22994162fe53b025b0d')",processing of nickel-rich materials,kilogram,GLO,ReCiPe Midpoint (H),natural land transformation,NLTP,"('EI38_cutoff_remind_SSP1-Base_2025_baseline', '62e41ec78b96b9df85abc4e3e3017a7d')",market for conveyor belt,meter,GLO,2.40523440095921e-06,0.0326436524747845,0.00736815343447587,technosphere,,,1,kilogram,GLO,Absent,,,,,,,,market for conveyor belt_,
14,test-EI38-SSP1-Base,EI38_cutoff_remind_SSP1-Base_2025_baseline,"('EI38_cutoff_remind_SSP1-Base_2025_baseline', 'f5ec689f258fc22994162fe53b025b0d')",processing of nickel-rich materials,kilogram,GLO,ReCiPe Midpoint (H),natural land transformation,NLTP,"('biosphere3', '626915e9-2424-4059-8b6a-fae47161acdf')","Transformation, to mineral extraction site",square meter,,0.0,0.0,0.00736815343447587,biosphere,natural resource,land,1,kilogram,GLO,Absent,,,,,,,,"Transformation, to mineral extraction site_natural resource",
15,test-EI38-SSP1-Base,EI38_cutoff_remind_SSP1-Base_2025_baseline,"('EI38_cutoff_remind_SSP1-Base_2025_baseline', 'f5ec689f258fc22994162fe53b025b0d')",processing of nickel-rich materials,kilogram,GLO,ReCiPe Midpoint (H),natural land transformation,NLTP,"('EI38_cutoff_remind_SSP1-Base_2025_baseline', 'd2f97a0fed00c476e24f9ae926b393c7')",market for nickel smelter slag,kilogram,GLO,-3.91483209881427e-06,-0.05313179392406,0.00736815343447587,technosphere,,,1,kilogram,GLO,Absent,,,,,,,,market for nickel smelter slag_,
16,test-EI38-SSP1-Base,EI38_cutoff_remind_SSP1-Base_2025_baseline,"('EI38_cutoff_remind_SSP1-Base_2025_baseline', 'f5ec689f258fc22994162fe53b025b0d')",processing of nickel-rich materials,kilogram,GLO,ReCiPe Midpoint (H),photochemical oxidant formation,POFP,"('EI38_cutoff_remind_SSP1-Base_2025_baseline', 'bb299d5a3631b740837d10a32e350c8a')",market for nickel-rich materials,kilogram,GLO,0.029168165070696,90.7039755318485,0.0321575376378672,technosphere,,,1,kilogram,GLO,Absent,,,,,,,,market for nickel-rich materials_,
17,test-EI38-SSP1-Base,EI38_cutoff_remind_SSP1-Base_2025_baseline,"('EI38_cutoff_remind_SSP1-Base_2025_baseline', 'f5ec689f258fc22994162fe53b025b0d')",processing of nickel-rich materials,kilogram,GLO,ReCiPe Midpoint (H),photochemical oxidant formation,POFP,"('EI38_cutoff_remind_SSP1-Base_2025_baseline', '2d07e1a0da591a039eb0743cf16ce816')","market group for electricity, high voltage",kilowatt hour,GLO,0.00249547975987276,7.76017053287749,0.0321575376378672,technosphere,,,1,kilogram,GLO,Absent,,,,,,,,"market group for electricity, high voltage_",
18,test-EI38-SSP1-Base,EI38_cutoff_remind_SSP1-Base_2025_baseline,"('EI38_cutoff_remind_SSP1-Base_2025_baseline', 'f5ec689f258fc22994162fe53b025b0d')",processing of nickel-rich materials,kilogram,GLO,ReCiPe Midpoint (H),photochemical oxidant formation,POFP,"('EI38_cutoff_remind_SSP1-Base_2025_baseline', '4b60443af9fff09f6d18e4188c7031d8')","market group for heat, district or industrial, natural gas",megajoule,GLO,0.000217722649785603,0.677050128145456,0.0321575376378672,technosphere,,,1,kilogram,GLO,Absent,,,,,,,,"market group for heat, district or industrial, natural gas_",
19,test-EI38-SSP1-Base,EI38_cutoff_remind_SSP1-Base_2025_baseline,"('EI38_cutoff_remind_SSP1-Base_2025_baseline', 'f5ec689f258fc22994162fe53b025b0d')",processing of nickel-rich materials,kilogram,GLO,ReCiPe Midpoint (H),photochemical oxidant formation,POFP,"('EI38_cutoff_remind_SSP1-Base_2025_baseline', 'bbec888be3ba3103fb7fdef5344a5304')","market for chemical factory, organics",unit,GLO,0.000184499898845879,0.573737644105626,0.0321575376378672,technosphere,,,1,kilogram,GLO,Absent,,,,,,,,"market for chemical factory, organics_",
20,test-EI38-SSP1-Base,EI38_cutoff_remind_SSP1-Base_2025_baseline,"('EI38_cutoff_remind_SSP1-Base_2025_baseline', 'f5ec689f258fc22994162fe53b025b0d')",processing of nickel-rich materials,kilogram,GLO,ReCiPe Midpoint (H),photochemical oxidant formation,POFP,"('EI38_cutoff_remind_SSP1-Base_2025_baseline', '62e41ec78b96b9df85abc4e3e3017a7d')",market for conveyor belt,meter,GLO,8.47749493490795e-05,0.263623882847461,0.0321575376378672,technosphere,,,1,kilogram,GLO,Absent,,,,,,,,market for conveyor belt_,
21,test-EI38-SSP1-Base,EI38_cutoff_remind_SSP1-Base_2025_baseline,"('EI38_cutoff_remind_SSP1-Base_2025_baseline', 'f5ec689f258fc22994162fe53b025b0d')",processing of nickel-rich materials,kilogram,GLO,ReCiPe Midpoint (H),photochemical oxidant formation,POFP,"('EI38_cutoff_remind_SSP1-Base_2025_baseline', 'd2f97a0fed00c476e24f9ae926b393c7')",market for nickel smelter slag,kilogram,GLO,6.89530931783637e-06,0.0214422801754471,0.0321575376378672,technosphere,,,1,kilogram,GLO,Absent,,,,,,,,market for nickel smelter slag_,
22,test-EI38-SSP1-Base,EI38_cutoff_remind_SSP1-Base_2025_baseline,"('EI38_cutoff_remind_SSP1-Base_2025_baseline', 'f5ec689f258fc22994162fe53b025b0d')",processing of nickel-rich materials,kilogram,GLO,ReCiPe Midpoint (H),photochemical oxidant formation,POFP,"('biosphere3', '29630a65-f38c-48a5-9744-c0121f586640')","Transformation, from unspecified",square meter,,0.0,0.0,0.0321575376378672,biosphere,natural resource,land,1,kilogram,GLO,Absent,,,,,,,,"Transformation, from unspecified_natural resource",
23,test-EI38-SSP1-Base,EI38_cutoff_remind_SSP1-Base_2025_baseline,"('EI38_cutoff_remind_SSP1-Base_2025_baseline', 'f5ec689f258fc22994162fe53b025b0d')",processing of nickel-rich materials,kilogram,GLO,ReCiPe Midpoint (H),photochemical oxidant formation,POFP,"('biosphere3', '626915e9-2424-4059-8b6a-fae47161acdf')","Transformation, to mineral extraction site",square meter,,0.0,0.0,0.0321575376378672,biosphere,natural resource,land,1,kilogram,GLO,Absent,,,,,,,,"Transformation, to mineral extraction site_natural resource",
24,test-EI38-SSP1-Base,EI38_cutoff_remind_SSP1-Base_2025_baseline,"('EI38_cutoff_remind_SSP1-Base_2025_baseline', 'f5ec689f258fc22994162fe53b025b0d')",processing of nickel-rich materials,kilogram,GLO,ReCiPe Midpoint (H),human toxicity,HTPinf,"('EI38_cutoff_remind_SSP1-Base_2025_baseline', 'bb299d5a3631b740837d10a32e350c8a')",market for nickel-rich materials,kilogram,GLO,16.7499272008754,97.420889888114,17.193362963644,technosphere,,,1,kilogram,GLO,Absent,,,,,,,,market for nickel-rich materials_,
25,test-EI38-SSP1-Base,EI38_cutoff_remind_SSP1-Base_2025_baseline,"('EI38_cutoff_remind_SSP1-Base_2025_baseline', 'f5ec689f258fc22994162fe53b025b0d')",processing of nickel-rich materials,kilogram,GLO,ReCiPe Midpoint (H),human toxicity,HTPinf,"('EI38_cutoff_remind_SSP1-Base_2025_baseline', '2d07e1a0da591a039eb0743cf16ce816')","market group for electricity, high voltage",kilowatt hour,GLO,0.339527824750933,1.97476099044076,17.193362963644,technosphere,,,1,kilogram,GLO,Absent,,,,,,,,"market group for electricity, high voltage_",
26,test-EI38-SSP1-Base,EI38_cutoff_remind_SSP1-Base_2025_baseline,"('EI38_cutoff_remind_SSP1-Base_2025_baseline', 'f5ec689f258fc22994162fe53b025b0d')",processing of nickel-rich materials,kilogram,GLO,ReCiPe Midpoint (H),human toxicity,HTPinf,"('EI38_cutoff_remind_SSP1-Base_2025_baseline', 'bbec888be3ba3103fb7fdef5344a5304')","market for chemical factory, organics",unit,GLO,0.0895345653925724,0.520750743073919,17.193362963644,technosphere,,,1,kilogram,GLO,Absent,,,,,,,,"market for chemical factory, organics_",
27,test-EI38-SSP1-Base,EI38_cutoff_remind_SSP1-Base_2025_baseline,"('EI38_cutoff_remind_SSP1-Base_2025_baseline', 'f5ec689f258fc22994162fe53b025b0d')",processing of nickel-rich materials,kilogram,GLO,ReCiPe Midpoint (H),human toxicity,HTPinf,"('EI38_cutoff_remind_SSP1-Base_2025_baseline', '62e41ec78b96b9df85abc4e3e3017a7d')",market for conveyor belt,meter,GLO,0.00913661054099567,0.0531403342110286,17.193362963644,technosphere,,,1,kilogram,GLO,Absent,,,,,,,,market for conveyor belt_,
28,test-EI38-SSP1-Base,EI38_cutoff_remind_SSP1-Base_2025_baseline,"('EI38_cutoff_remind_SSP1-Base_2025_baseline', 'f5ec689f258fc22994162fe53b025b0d')",processing of nickel-rich materials,kilogram,GLO,ReCiPe Midpoint (H),human toxicity,HTPinf,"('EI38_cutoff_remind_SSP1-Base_2025_baseline', '4b60443af9fff09f6d18e4188c7031d8')","market group for heat, district or industrial, natural gas",megajoule,GLO,0.00471833237510017,0.0274427544226062,17.193362963644,technosphere,,,1,kilogram,GLO,Absent,,,,,,,,"market group for heat, district or industrial, natural gas_",
29,test-EI38-SSP1-Base,EI38_cutoff_remind_SSP1-Base_2025_baseline,"('EI38_cutoff_remind_SSP1-Base_2025_baseline', 'f5ec689f258fc22994162fe53b025b0d')",processing of nickel-rich materials,kilogram,GLO,ReCiPe Midpoint (H),human toxicity,HTPinf,"('EI38_cutoff_remind_SSP1-Base_2025_baseline', 'd2f97a0fed00c476e24f9ae926b393c7')",market for nickel smelter slag,kilogram,GLO,0.000518429708994259,0.0030152897376185,17.193362963644,technosphere,,,1,kilogram,GLO,Absent,,,,,,,,market for nickel smelter slag_,
30,test-EI38-SSP1-Base,EI38_cutoff_remind_SSP1-Base_2025_baseline,"('EI38_cutoff_remind_SSP1-Base_2025_baseline', 'f5ec689f258fc22994162fe53b025b0d')",processing of nickel-rich materials,kilogram,GLO,ReCiPe Midpoint (H),human toxicity,HTPinf,"('biosphere3', '29630a65-f38c-48a5-9744-c0121f586640')","Transformation, from unspecified",square meter,,0.0,0.0,17.193362963644,biosphere,natural resource,land,1,kilogram,GLO,Absent,,,,,,,,"Transformation, from unspecified_natural resource",
31,test-EI38-SSP1-Base,EI38_cutoff_remind_SSP1-Base_2025_baseline,"('EI38_cutoff_remind_SSP1-Base_2025_baseline', 'f5ec689f258fc22994162fe53b025b0d')",processing of nickel-rich materials,kilogram,GLO,ReCiPe Midpoint (H),human toxicity,HTPinf,"('biosphere3', '626915e9-2424-4059-8b6a-fae47161acdf')","Transformation, to mineral extraction site",square meter,,0.0,0.0,17.193362963644,biosphere,natural resource,land,1,kilogram,GLO,Absent,,,,,,,,"Transformation, to mineral extraction site_natural resource",
32,test-EI38-SSP1-Base,EI38_cutoff_remind_SSP1-Base_2025_baseline,"('EI38_cutoff_remind_SSP1-Base_2025_baseline', 'f5ec689f258fc22994162fe53b025b0d')",processing of nickel-rich materials,kilogram,GLO,ReCiPe Midpoint (H),marine eutrophication,MEP,"('EI38_cutoff_remind_SSP1-Base_2025_baseline', 'bb299d5a3631b740837d10a32e350c8a')",market for nickel-rich materials,kilogram,GLO,0.0109141124386192,91.1223517743917,0.0119774262034427,technosphere,,,1,kilogram,GLO,Absent,,,,,,,,market for nickel-rich materials_,
33,test-EI38-SSP1-Base,EI38_cutoff_remind_SSP1-Base_2025_baseline,"('EI38_cutoff_remind_SSP1-Base_2025_baseline', 'f5ec689f258fc22994162fe53b025b0d')",processing of nickel-rich materials,kilogram,GLO,ReCiPe Midpoint (H),marine eutrophication,MEP,"('EI38_cutoff_remind_SSP1-Base_2025_baseline', '2d07e1a0da591a039eb0743cf16ce816')","market group for electricity, high voltage",kilowatt hour,GLO,0.00092910455608621,7.75713029080617,0.0119774262034427,technosphere,,,1,kilogram,GLO,Absent,,,,,,,,"market group for electricity, high voltage_",
34,test-EI38-SSP1-Base,EI38_cutoff_remind_SSP1-Base_2025_baseline,"('EI38_cutoff_remind_SSP1-Base_2025_baseline', 'f5ec689f258fc22994162fe53b025b0d')",processing of nickel-rich materials,kilogram,GLO,ReCiPe Midpoint (H),marine eutrophication,MEP,"('EI38_cutoff_remind_SSP1-Base_2025_baseline', 'bbec888be3ba3103fb7fdef5344a5304')","market for chemical factory, organics",unit,GLO,5.70872685776956e-05,0.476623838945356,0.0119774262034427,technosphere,,,1,kilogram,GLO,Absent,,,,,,,,"market for chemical factory, organics_",
35,test-EI38-SSP1-Base,EI38_cutoff_remind_SSP1-Base_2025_baseline,"('EI38_cutoff_remind_SSP1-Base_2025_baseline', 'f5ec689f258fc22994162fe53b025b0d')",processing of nickel-rich materials,kilogram,GLO,ReCiPe Midpoint (H),marine eutrophication,MEP,"('EI38_cutoff_remind_SSP1-Base_2025_baseline', '4b60443af9fff09f6d18e4188c7031d8')","market group for heat, district or industrial, natural gas",megajoule,GLO,5.47274028323962e-05,0.456921227506004,0.0119774262034427,technosphere,,,1,kilogram,GLO,Absent,,,,,,,,"market group for heat, district or industrial, natural gas_",
36,test-EI38-SSP1-Base,EI38_cutoff_remind_SSP1-Base_2025_baseline,"('EI38_cutoff_remind_SSP1-Base_2025_baseline', 'f5ec689f258fc22994162fe53b025b0d')",processing of nickel-rich materials,kilogram,GLO,ReCiPe Midpoint (H),marine eutrophication,MEP,"('EI38_cutoff_remind_SSP1-Base_2025_baseline', '62e41ec78b96b9df85abc4e3e3017a7d')",market for conveyor belt,meter,GLO,2.0278780940757e-05,0.169308335499727,0.0119774262034427,technosphere,,,1,kilogram,GLO,Absent,,,,,,,,market for conveyor belt_,
37,test-EI38-SSP1-Base,EI38_cutoff_remind_SSP1-Base_2025_baseline,"('EI38_cutoff_remind_SSP1-Base_2025_baseline', 'f5ec689f258fc22994162fe53b025b0d')",processing of nickel-rich materials,kilogram,GLO,ReCiPe Midpoint (H),marine eutrophication,MEP,"('EI38_cutoff_remind_SSP1-Base_2025_baseline', 'd2f97a0fed00c476e24f9ae926b393c7')",market for nickel smelter slag,kilogram,GLO,2.115756386414e-06,0.0176645328510216,0.0119774262034427,technosphere,,,1,kilogram,GLO,Absent,,,,,,,,market for nickel smelter slag_,
38,test-EI38-SSP1-Base,EI38_cutoff_remind_SSP1-Base_2025_baseline,"('EI38_cutoff_remind_SSP1-Base_2025_baseline', 'f5ec689f258fc22994162fe53b025b0d')",processing of nickel-rich materials,kilogram,GLO,ReCiPe Midpoint (H),marine eutrophication,MEP,"('biosphere3', '29630a65-f38c-48a5-9744-c0121f586640')","Transformation, from unspecified",square meter,,0.0,0.0,0.0119774262034427,biosphere,natural resource,land,1,kilogram,GLO,Absent,,,,,,,,"Transformation, from unspecified_natural resource",
39,test-EI38-SSP1-Base,EI38_cutoff_remind_SSP1-Base_2025_baseline,"('EI38_cutoff_remind_SSP1-Base_2025_baseline', 'f5ec689f258fc22994162fe53b025b0d')",processing of nickel-rich materials,kilogram,GLO,ReCiPe Midpoint (H),marine eutrophication,MEP,"('biosphere3', '626915e9-2424-4059-8b6a-fae47161acdf')","Transformation, to mineral extraction site",square meter,,0.0,0.0,0.0119774262034427,biosphere,natural resource,land,1,kilogram,GLO,Absent,,,,,,,,"Transformation, to mineral extraction site_natural resource",
40,test-EI38-SSP1-Base,EI38_cutoff_remind_SSP1-Base_2025_baseline,"('EI38_cutoff_remind_SSP1-Base_2025_baseline', 'f5ec689f258fc22994162fe53b025b0d')",processing of nickel-rich materials,kilogram,GLO,ReCiPe Midpoint (H),climate change,GWP100,"('EI38_cutoff_remind_SSP1-Base_2025_baseline', 'bb299d5a3631b740837d10a32e350c8a')",market for nickel-rich materials,kilogram,GLO,4.1230702721612,77.9038789150587,5.29250960232253,technosphere,,,1,kilogram,GLO,Absent,,,,,,,,market for nickel-rich materials_,
41,test-EI38-SSP1-Base,EI38_cutoff_remind_SSP1-Base_2025_baseline,"('EI38_cutoff_remind_SSP1-Base_2025_baseline', 'f5ec689f258fc22994162fe53b025b0d')",processing of nickel-rich materials,kilogram,GLO,ReCiPe Midpoint (H),climate change,GWP100,"('EI38_cutoff_remind_SSP1-Base_2025_baseline', '2d07e1a0da591a039eb0743cf16ce816')","market group for electricity, high voltage",kilowatt hour,GLO,0.948658844043838,17.9245559351944,5.29250960232253,technosphere,,,1,kilogram,GLO,Absent,,,,,,,,"market group for electricity, high voltage_",
42,test-EI38-SSP1-Base,EI38_cutoff_remind_SSP1-Base_2025_baseline,"('EI38_cutoff_remind_SSP1-Base_2025_baseline', 'f5ec689f258fc22994162fe53b025b0d')",processing of nickel-rich materials,kilogram,GLO,ReCiPe Midpoint (H),climate change,GWP100,"('EI38_cutoff_remind_SSP1-Base_2025_baseline', '4b60443af9fff09f6d18e4188c7031d8')","market group for heat, district or industrial, natural gas",megajoule,GLO,0.159641040187514,3.01635806418675,5.29250960232253,technosphere,,,1,kilogram,GLO,Absent,,,,,,,,"market group for heat, district or industrial, natural gas_",
43,test-EI38-SSP1-Base,EI38_cutoff_remind_SSP1-Base_2025_baseline,"('EI38_cutoff_remind_SSP1-Base_2025_baseline', 'f5ec689f258fc22994162fe53b025b0d')",processing of nickel-rich materials,kilogram,GLO,ReCiPe Midpoint (H),climate change,GWP100,"('EI38_cutoff_remind_SSP1-Base_2025_baseline', 'bbec888be3ba3103fb7fdef5344a5304')","market for chemical factory, organics",unit,GLO,0.0409821899412874,0.77434323261885,5.29250960232253,technosphere,,,1,kilogram,GLO,Absent,,,,,,,,"market for chemical factory, organics_",
44,test-EI38-SSP1-Base,EI38_cutoff_remind_SSP1-Base_2025_baseline,"('EI38_cutoff_remind_SSP1-Base_2025_baseline', 'f5ec689f258fc22994162fe53b025b0d')",processing of nickel-rich materials,kilogram,GLO,ReCiPe Midpoint (H),climate change,GWP100,"('EI38_cutoff_remind_SSP1-Base_2025_baseline', '62e41ec78b96b9df85abc4e3e3017a7d')",market for conveyor belt,meter,GLO,0.0193558533118171,0.36572164750203,5.29250960232253,technosphere,,,1,kilogram,GLO,Absent,,,,,,,,market for conveyor belt_,
45,test-EI38-SSP1-Base,EI38_cutoff_remind_SSP1-Base_2025_baseline,"('EI38_cutoff_remind_SSP1-Base_2025_baseline', 'f5ec689f258fc22994162fe53b025b0d')",processing of nickel-rich materials,kilogram,GLO,ReCiPe Midpoint (H),climate change,GWP100,"('EI38_cutoff_remind_SSP1-Base_2025_baseline', 'd2f97a0fed00c476e24f9ae926b393c7')",market for nickel smelter slag,kilogram,GLO,0.000801402676875047,0.0151422054392374,5.29250960232253,technosphere,,,1,kilogram,GLO,Absent,,,,,,,,market for nickel smelter slag_,
46,test-EI38-SSP1-Base,EI38_cutoff_remind_SSP1-Base_2025_baseline,"('EI38_cutoff_remind_SSP1-Base_2025_baseline', 'f5ec689f258fc22994162fe53b025b0d')",processing of nickel-rich materials,kilogram,GLO,ReCiPe Midpoint (H),climate change,GWP100,"('biosphere3', '29630a65-f38c-48a5-9744-c0121f586640')","Transformation, from unspecified",square meter,,0.0,0.0,5.29250960232253,biosphere,natural resource,land,1,kilogram,GLO,Absent,,,,,,,,"Transformation, from unspecified_natural resource",
47,test-EI38-SSP1-Base,EI38_cutoff_remind_SSP1-Base_2025_baseline,"('EI38_cutoff_remind_SSP1-Base_2025_baseline', 'f5ec689f258fc22994162fe53b025b0d')",processing of nickel-rich materials,kilogram,GLO,ReCiPe Midpoint (H),climate change,GWP100,"('biosphere3', '626915e9-2424-4059-8b6a-fae47161acdf')","Transformation, to mineral extraction site",square meter,,0.0,0.0,5.29250960232253,biosphere,natural resource,land,1,kilogram,GLO,Absent,,,,,,,,"Transformation, to mineral extraction site_natural resource",
48,test-EI38-SSP1-Base,EI38_cutoff_remind_SSP1-Base_2025_baseline,"('EI38_cutoff_remind_SSP1-Base_2025_baseline', 'f5ec689f258fc22994162fe53b025b0d')",processing of nickel-rich materials,kilogram,GLO,ReCiPe Midpoint (H),particulate matter formation,PMFP,"('EI38_cutoff_remind_SSP1-Base_2025_baseline', 'bb299d5a3631b740837d10a32e350c8a')",market for nickel-rich materials,kilogram,GLO,0.0115280826584116,80.9528004198622,0.0142404989063023,technosphere,,,1,kilogram,GLO,Absent,,,,,,,,market for nickel-rich materials_,
49,test-EI38-SSP1-Base,EI38_cutoff_remind_SSP1-Base_2025_baseline,"('EI38_cutoff_remind_SSP1-Base_2025_baseline', 'f5ec689f258fc22994162fe53b025b0d')",processing of nickel-rich materials,kilogram,GLO,ReCiPe Midpoint (H),particulate matter formation,PMFP,"('EI38_cutoff_remind_SSP1-Base_2025_baseline', '2d07e1a0da591a039eb0743cf16ce816')","market group for electricity, high voltage",kilowatt hour,GLO,0.00242049858258125,16.9972877952332,0.0142404989063023,technosphere,,,1,kilogram,GLO,Absent,,,,,,,,"market group for electricity, high voltage_",
50,test-EI38-SSP1-Base,EI38_cutoff_remind_SSP1-Base_2025_baseline,"('EI38_cutoff_remind_SSP1-Base_2025_baseline', 'f5ec689f258fc22994162fe53b025b0d')",processing of nickel-rich materials,kilogram,GLO,ReCiPe Midpoint (H),particulate matter formation,PMFP,"('EI38_cutoff_remind_SSP1-Base_2025_baseline', 'bbec888be3ba3103fb7fdef5344a5304')","market for chemical factory, organics",unit,GLO,0.000169564942277342,1.19072332642993,0.0142404989063023,technosphere,,,1,kilogram,GLO,Absent,,,,,,,,"market for chemical factory, organics_",
51,test-EI38-SSP1-Base,EI38_cutoff_remind_SSP1-Base_2025_baseline,"('EI38_cutoff_remind_SSP1-Base_2025_baseline', 'f5ec689f258fc22994162fe53b025b0d')",processing of nickel-rich materials,kilogram,GLO,ReCiPe Midpoint (H),particulate matter formation,PMFP,"('EI38_cutoff_remind_SSP1-Base_2025_baseline', '62e41ec78b96b9df85abc4e3e3017a7d')",market for conveyor belt,meter,GLO,6.2843820680089e-05,0.441303504136897,0.0142404989063023,technosphere,,,1,kilogram,GLO,Absent,,,,,,,,market for conveyor belt_,
52,test-EI38-SSP1-Base,EI38_cutoff_remind_SSP1-Base_2025_baseline,"('EI38_cutoff_remind_SSP1-Base_2025_baseline', 'f5ec689f258fc22994162fe53b025b0d')",processing of nickel-rich materials,kilogram,GLO,ReCiPe Midpoint (H),particulate matter formation,PMFP,"('EI38_cutoff_remind_SSP1-Base_2025_baseline', '4b60443af9fff09f6d18e4188c7031d8')","market group for heat, district or industrial, natural gas",megajoule,GLO,5.71486071888477e-05,0.401310428552159,0.0142404989063023,technosphere,,,1,kilogram,GLO,Absent,,,,,,,,"market group for heat, district or industrial, natural gas_",
53,test-EI38-SSP1-Base,EI38_cutoff_remind_SSP1-Base_2025_baseline,"('EI38_cutoff_remind_SSP1-Base_2025_baseline', 'f5ec689f258fc22994162fe53b025b0d')",processing of nickel-rich materials,kilogram,GLO,ReCiPe Midpoint (H),particulate matter formation,PMFP,"('EI38_cutoff_remind_SSP1-Base_2025_baseline', 'd2f97a0fed00c476e24f9ae926b393c7')",market for nickel smelter slag,kilogram,GLO,2.36029516321903e-06,0.0165745257855708,0.0142404989063023,technosphere,,,1,kilogram,GLO,Absent,,,,,,,,market for nickel smelter slag_,
54,test-EI38-SSP1-Base,EI38_cutoff_remind_SSP1-Base_2025_baseline,"('EI38_cutoff_remind_SSP1-Base_2025_baseline', 'f5ec689f258fc22994162fe53b025b0d')",processing of nickel-rich materials,kilogram,GLO,ReCiPe Midpoint (H),particulate matter formation,PMFP,"('biosphere3', '29630a65-f38c-48a5-9744-c0121f586640')","Transformation, from unspecified",square meter,,0.0,0.0,0.0142404989063023,biosphere,natural resource,land,1,kilogram,GLO,Absent,,,,,,,,"Transformation, from unspecified_natural resource",
55,test-EI38-SSP1-Base,EI38_cutoff_remind_SSP1-Base_2025_baseline,"('EI38_cutoff_remind_SSP1-Base_2025_baseline', 'f5ec689f258fc22994162fe53b025b0d')",processing of nickel-rich materials,kilogram,GLO,ReCiPe Midpoint (H),particulate matter formation,PMFP,"('biosphere3', '626915e9-2424-4059-8b6a-fae47161acdf')","Transformation, to mineral extraction site",square meter,,0.0,0.0,0.0142404989063023,biosphere,natural resource,land,1,kilogram,GLO,Absent,,,,,,,,"Transformation, to mineral extraction site_natural resource",
56,test-EI38-SSP1-Base,EI38_cutoff_remind_SSP1-Base_2025_baseline,"('EI38_cutoff_remind_SSP1-Base_2025_baseline', 'f5ec689f258fc22994162fe53b025b0d')",processing of nickel-rich materials,kilogram,GLO,ReCiPe Midpoint (H),agricultural land occupation,ALOP,"('EI38_cutoff_remind_SSP1-Base_2025_baseline', 'bb299d5a3631b740837d10a32e350c8a')",market for nickel-rich materials,kilogram,GLO,0.132010694178648,78.898803937898,0.167316470706647,technosphere,,,1,kilogram,GLO,Absent,,,,,,,,market for nickel-rich materials_,
57,test-EI38-SSP1-Base,EI38_cutoff_remind_SSP1-Base_2025_baseline,"('EI38_cutoff_remind_SSP1-Base_2025_baseline', 'f5ec689f258fc22994162fe53b025b0d')",processing of nickel-rich materials,kilogram,GLO,ReCiPe Midpoint (H),agricultural land occupation,ALOP,"('EI38_cutoff_remind_SSP1-Base_2025_baseline', '2d07e1a0da591a039eb0743cf16ce816')","market group for electricity, high voltage",kilowatt hour,GLO,0.0255509589178022,15.2710362643258,0.167316470706647,technosphere,,,1,kilogram,GLO,Absent,,,,,,,,"market group for electricity, high voltage_",
58,test-EI38-SSP1-Base,EI38_cutoff_remind_SSP1-Base_2025_baseline,"('EI38_cutoff_remind_SSP1-Base_2025_baseline', 'f5ec689f258fc22994162fe53b025b0d')",processing of nickel-rich materials,kilogram,GLO,ReCiPe Midpoint (H),agricultural land occupation,ALOP,"('EI38_cutoff_remind_SSP1-Base_2025_baseline', 'bbec888be3ba3103fb7fdef5344a5304')","market for chemical factory, organics",unit,GLO,0.008981852330263,5.36818180082862,0.167316470706647,technosphere,,,1,kilogram,GLO,Absent,,,,,,,,"market for chemical factory, organics_",
59,test-EI38-SSP1-Base,EI38_cutoff_remind_SSP1-Base_2025_baseline,"('EI38_cutoff_remind_SSP1-Base_2025_baseline', 'f5ec689f258fc22994162fe53b025b0d')",processing of nickel-rich materials,kilogram,GLO,ReCiPe Midpoint (H),agricultural land occupation,ALOP,"('EI38_cutoff_remind_SSP1-Base_2025_baseline', '62e41ec78b96b9df85abc4e3e3017a7d')",market for conveyor belt,meter,GLO,0.000578057867013632,0.345487724294119,0.167316470706647,technosphere,,,1,kilogram,GLO,Absent,,,,,,,,market for conveyor belt_,
60,test-EI38-SSP1-Base,EI38_cutoff_remind_SSP1-Base_2025_baseline,"('EI38_cutoff_remind_SSP1-Base_2025_baseline', 'f5ec689f258fc22994162fe53b025b0d')",processing of nickel-rich materials,kilogram,GLO,ReCiPe Midpoint (H),agricultural land occupation,ALOP,"('EI38_cutoff_remind_SSP1-Base_2025_baseline', '4b60443af9fff09f6d18e4188c7031d8')","market group for heat, district or industrial, natural gas",megajoule,GLO,0.000159102248717861,0.0950906076645691,0.167316470706647,technosphere,,,1,kilogram,GLO,Absent,,,,,,,,"market group for heat, district or industrial, natural gas_",
61,test-EI38-SSP1-Base,EI38_cutoff_remind_SSP1-Base_2025_baseline,"('EI38_cutoff_remind_SSP1-Base_2025_baseline', 'f5ec689f258fc22994162fe53b025b0d')",processing of nickel-rich materials,kilogram,GLO,ReCiPe Midpoint (H),agricultural land occupation,ALOP,"('EI38_cutoff_remind_SSP1-Base_2025_baseline', 'd2f97a0fed00c476e24f9ae926b393c7')",market for nickel smelter slag,kilogram,GLO,3.58051642023537e-05,0.0213996649888283,0.167316470706647,technosphere,,,1,kilogram,GLO,Absent,,,,,,,,market for nickel smelter slag_,
62,test-EI38-SSP1-Base,EI38_cutoff_remind_SSP1-Base_2025_baseline,"('EI38_cutoff_remind_SSP1-Base_2025_baseline', 'f5ec689f258fc22994162fe53b025b0d')",processing of nickel-rich materials,kilogram,GLO,ReCiPe Midpoint (H),agricultural land occupation,ALOP,"('biosphere3', '29630a65-f38c-48a5-9744-c0121f586640')","Transformation, from unspecified",square meter,,0.0,0.0,0.167316470706647,biosphere,natural resource,land,1,kilogram,GLO,Absent,,,,,,,,"Transformation, from unspecified_natural resource",
63,test-EI38-SSP1-Base,EI38_cutoff_remind_SSP1-Base_2025_baseline,"('EI38_cutoff_remind_SSP1-Base_2025_baseline', 'f5ec689f258fc22994162fe53b025b0d')",processing of nickel-rich materials,kilogram,GLO,ReCiPe Midpoint (H),agricultural land occupation,ALOP,"('biosphere3', '626915e9-2424-4059-8b6a-fae47161acdf')","Transformation, to mineral extraction site",square meter,,0.0,0.0,0.167316470706647,biosphere,natural resource,land,1,kilogram,GLO,Absent,,,,,,,,"Transformation, to mineral extraction site_natural resource",
64,test-EI38-SSP1-Base,EI38_cutoff_remind_SSP1-Base_2025_baseline,"('EI38_cutoff_remind_SSP1-Base_2025_baseline', 'f5ec689f258fc22994162fe53b025b0d')",processing of nickel-rich materials,kilogram,GLO,ReCiPe Midpoint (H),freshwater eutrophication,FEP,"('EI38_cutoff_remind_SSP1-Base_2025_baseline', 'bb299d5a3631b740837d10a32e350c8a')",market for nickel-rich materials,kilogram,GLO,0.0107760155408468,95.4634251298177,0.0112881090597711,technosphere,,,1,kilogram,GLO,Absent,,,,,,,,market for nickel-rich materials_,
65,test-EI38-SSP1-Base,EI38_cutoff_remind_SSP1-Base_2025_baseline,"('EI38_cutoff_remind_SSP1-Base_2025_baseline', 'f5ec689f258fc22994162fe53b025b0d')",processing of nickel-rich materials,kilogram,GLO,ReCiPe Midpoint (H),freshwater eutrophication,FEP,"('EI38_cutoff_remind_SSP1-Base_2025_baseline', '2d07e1a0da591a039eb0743cf16ce816')","market group for electricity, high voltage",kilowatt hour,GLO,0.000459026891216807,4.06646400018137,0.0112881090597711,technosphere,,,1,kilogram,GLO,Absent,,,,,,,,"market group for electricity, high voltage_",
66,test-EI38-SSP1-Base,EI38_cutoff_remind_SSP1-Base_2025_baseline,"('EI38_cutoff_remind_SSP1-Base_2025_baseline', 'f5ec689f258fc22994162fe53b025b0d')",processing of nickel-rich materials,kilogram,GLO,ReCiPe Midpoint (H),freshwater eutrophication,FEP,"('EI38_cutoff_remind_SSP1-Base_2025_baseline', 'bbec888be3ba3103fb7fdef5344a5304')","market for chemical factory, organics",unit,GLO,4.18852117754273e-05,0.371056051581737,0.0112881090597711,technosphere,,,1,kilogram,GLO,Absent,,,,,,,,"market for chemical factory, organics_",
67,test-EI38-SSP1-Base,EI38_cutoff_remind_SSP1-Base_2025_baseline,"('EI38_cutoff_remind_SSP1-Base_2025_baseline', 'f5ec689f258fc22994162fe53b025b0d')",processing of nickel-rich materials,kilogram,GLO,ReCiPe Midpoint (H),freshwater eutrophication,FEP,"('EI38_cutoff_remind_SSP1-Base_2025_baseline', '62e41ec78b96b9df85abc4e3e3017a7d')",market for conveyor belt,meter,GLO,8.96903044246165e-06,0.0794555615557053,0.0112881090597711,technosphere,,,1,kilogram,GLO,Absent,,,,,,,,market for conveyor belt_,
68,test-EI38-SSP1-Base,EI38_cutoff_remind_SSP1-Base_2025_baseline,"('EI38_cutoff_remind_SSP1-Base_2025_baseline', 'f5ec689f258fc22994162fe53b025b0d')",processing of nickel-rich materials,kilogram,GLO,ReCiPe Midpoint (H),freshwater eutrophication,FEP,"('EI38_cutoff_remind_SSP1-Base_2025_baseline', '4b60443af9fff09f6d18e4188c7031d8')","market group for heat, district or industrial, natural gas",megajoule,GLO,2.11575927392117e-06,0.0187432568441544,0.0112881090597711,technosphere,,,1,kilogram,GLO,Absent,,,,,,,,"market group for heat, district or industrial, natural gas_",
69,test-EI38-SSP1-Base,EI38_cutoff_remind_SSP1-Base_2025_baseline,"('EI38_cutoff_remind_SSP1-Base_2025_baseline', 'f5ec689f258fc22994162fe53b025b0d')",processing of nickel-rich materials,kilogram,GLO,ReCiPe Midpoint (H),freshwater eutrophication,FEP,"('EI38_cutoff_remind_SSP1-Base_2025_baseline', 'd2f97a0fed00c476e24f9ae926b393c7')",market for nickel smelter slag,kilogram,GLO,9.66262157315353e-08,0.000856000019311417,0.0112881090597711,technosphere,,,1,kilogram,GLO,Absent,,,,,,,,market for nickel smelter slag_,
70,test-EI38-SSP1-Base,EI38_cutoff_remind_SSP1-Base_2025_baseline,"('EI38_cutoff_remind_SSP1-Base_2025_baseline', 'f5ec689f258fc22994162fe53b025b0d')",processing of nickel-rich materials,kilogram,GLO,ReCiPe Midpoint (H),freshwater eutrophication,FEP,"('biosphere3', '29630a65-f38c-48a5-9744-c0121f586640')","Transformation, from unspecified",square meter,,0.0,0.0,0.0112881090597711,biosphere,natural resource,land,1,kilogram,GLO,Absent,,,,,,,,"Transformation, from unspecified_natural resource",
71,test-EI38-SSP1-Base,EI38_cutoff_remind_SSP1-Base_2025_baseline,"('EI38_cutoff_remind_SSP1-Base_2025_baseline', 'f5ec689f258fc22994162fe53b025b0d')",processing of nickel-rich materials,kilogram,GLO,ReCiPe Midpoint (H),freshwater eutrophication,FEP,"('biosphere3', '626915e9-2424-4059-8b6a-fae47161acdf')","Transformation, to mineral extraction site",square meter,,0.0,0.0,0.0112881090597711,biosphere,natural resource,land,1,kilogram,GLO,Absent,,,,,,,,"Transformation, to mineral extraction site_natural resource",
72,test-EI38-SSP1-Base,EI38_cutoff_remind_SSP1-Base_2025_baseline,"('EI38_cutoff_remind_SSP1-Base_2025_baseline', 'f5ec689f258fc22994162fe53b025b0d')",processing of nickel-rich materials,kilogram,GLO,ReCiPe Midpoint (H),metal depletion,MDP,"('EI38_cutoff_remind_SSP1-Base_2025_baseline', 'bb299d5a3631b740837d10a32e350c8a')",market for nickel-rich materials,kilogram,GLO,35.9583886837712,99.8151226793447,36.0249907213832,technosphere,,,1,kilogram,GLO,Absent,,,,,,,,market for nickel-rich materials_,
73,test-EI38-SSP1-Base,EI38_cutoff_remind_SSP1-Base_2025_baseline,"('EI38_cutoff_remind_SSP1-Base_2025_baseline', 'f5ec689f258fc22994162fe53b025b0d')",processing of nickel-rich materials,kilogram,GLO,ReCiPe Midpoint (H),metal depletion,MDP,"('EI38_cutoff_remind_SSP1-Base_2025_baseline', 'bbec888be3ba3103fb7fdef5344a5304')","market for chemical factory, organics",unit,GLO,0.0355837473662625,0.0987751742712906,36.0249907213832,technosphere,,,1,kilogram,GLO,Absent,,,,,,,,"market for chemical factory, organics_",
74,test-EI38-SSP1-Base,EI38_cutoff_remind_SSP1-Base_2025_baseline,"('EI38_cutoff_remind_SSP1-Base_2025_baseline', 'f5ec689f258fc22994162fe53b025b0d')",processing of nickel-rich materials,kilogram,GLO,ReCiPe Midpoint (H),metal depletion,MDP,"('EI38_cutoff_remind_SSP1-Base_2025_baseline', '62e41ec78b96b9df85abc4e3e3017a7d')",market for conveyor belt,meter,GLO,0.0214175951767401,0.0594520491133045,36.0249907213832,technosphere,,,1,kilogram,GLO,Absent,,,,,,,,market for conveyor belt_,
75,test-EI38-SSP1-Base,EI38_cutoff_remind_SSP1-Base_2025_baseline,"('EI38_cutoff_remind_SSP1-Base_2025_baseline', 'f5ec689f258fc22994162fe53b025b0d')",processing of nickel-rich materials,kilogram,GLO,ReCiPe Midpoint (H),metal depletion,MDP,"('EI38_cutoff_remind_SSP1-Base_2025_baseline', '2d07e1a0da591a039eb0743cf16ce816')","market group for electricity, high voltage",kilowatt hour,GLO,0.00811758074853439,0.022533193169474,36.0249907213832,technosphere,,,1,kilogram,GLO,Absent,,,,,,,,"market group for electricity, high voltage_",
76,test-EI38-SSP1-Base,EI38_cutoff_remind_SSP1-Base_2025_baseline,"('EI38_cutoff_remind_SSP1-Base_2025_baseline', 'f5ec689f258fc22994162fe53b025b0d')",processing of nickel-rich materials,kilogram,GLO,ReCiPe Midpoint (H),metal depletion,MDP,"('EI38_cutoff_remind_SSP1-Base_2025_baseline', '4b60443af9fff09f6d18e4188c7031d8')","market group for heat, district or industrial, natural gas",megajoule,GLO,0.00144338276387828,0.00400661522730536,36.0249907213832,technosphere,,,1,kilogram,GLO,Absent,,,,,,,,"market group for heat, district or industrial, natural gas_",
77,test-EI38-SSP1-Base,EI38_cutoff_remind_SSP1-Base_2025_baseline,"('EI38_cutoff_remind_SSP1-Base_2025_baseline', 'f5ec689f258fc22994162fe53b025b0d')",processing of nickel-rich materials,kilogram,GLO,ReCiPe Midpoint (H),metal depletion,MDP,"('EI38_cutoff_remind_SSP1-Base_2025_baseline', 'd2f97a0fed00c476e24f9ae926b393c7')",market for nickel smelter slag,kilogram,GLO,3.97315565659394e-05,0.000110288873835451,36.0249907213832,technosphere,,,1,kilogram,GLO,Absent,,,,,,,,market for nickel smelter slag_,
78,test-EI38-SSP1-Base,EI38_cutoff_remind_SSP1-Base_2025_baseline,"('EI38_cutoff_remind_SSP1-Base_2025_baseline', 'f5ec689f258fc22994162fe53b025b0d')",processing of nickel-rich materials,kilogram,GLO,ReCiPe Midpoint (H),metal depletion,MDP,"('biosphere3', '29630a65-f38c-48a5-9744-c0121f586640')","Transformation, from unspecified",square meter,,0.0,0.0,36.0249907213832,biosphere,natural resource,land,1,kilogram,GLO,Absent,,,,,,,,"Transformation, from unspecified_natural resource",
79,test-EI38-SSP1-Base,EI38_cutoff_remind_SSP1-Base_2025_baseline,"('EI38_cutoff_remind_SSP1-Base_2025_baseline', 'f5ec689f258fc22994162fe53b025b0d')",processing of nickel-rich materials,kilogram,GLO,ReCiPe Midpoint (H),metal depletion,MDP,"('biosphere3', '626915e9-2424-4059-8b6a-fae47161acdf')","Transformation, to mineral extraction site",square meter,,0.0,0.0,36.0249907213832,biosphere,natural resource,land,1,kilogram,GLO,Absent,,,,,,,,"Transformation, to mineral extraction site_natural resource",
80,test-EI38-SSP1-Base,EI38_cutoff_remind_SSP1-Base_2025_baseline,"('EI38_cutoff_remind_SSP1-Base_2025_baseline', 'f5ec689f258fc22994162fe53b025b0d')",processing of nickel-rich materials,kilogram,GLO,ReCiPe Midpoint (H),terrestrial acidification,TAP100,"('EI38_cutoff_remind_SSP1-Base_2025_baseline', 'bb299d5a3631b740837d10a32e350c8a')",market for nickel-rich materials,kilogram,GLO,0.0244246771165007,85.0524787824442,0.0287171843385971,technosphere,,,1,kilogram,GLO,Absent,,,,,,,,market for nickel-rich materials_,
81,test-EI38-SSP1-Base,EI38_cutoff_remind_SSP1-Base_2025_baseline,"('EI38_cutoff_remind_SSP1-Base_2025_baseline', 'f5ec689f258fc22994162fe53b025b0d')",processing of nickel-rich materials,kilogram,GLO,ReCiPe Midpoint (H),terrestrial acidification,TAP100,"('EI38_cutoff_remind_SSP1-Base_2025_baseline', '2d07e1a0da591a039eb0743cf16ce816')","market group for electricity, high voltage",kilowatt hour,GLO,0.00367236331365426,12.7880340577765,0.0287171843385971,technosphere,,,1,kilogram,GLO,Absent,,,,,,,,"market group for electricity, high voltage_",
82,test-EI38-SSP1-Base,EI38_cutoff_remind_SSP1-Base_2025_baseline,"('EI38_cutoff_remind_SSP1-Base_2025_baseline', 'f5ec689f258fc22994162fe53b025b0d')",processing of nickel-rich materials,kilogram,GLO,ReCiPe Midpoint (H),terrestrial acidification,TAP100,"('EI38_cutoff_remind_SSP1-Base_2025_baseline', 'bbec888be3ba3103fb7fdef5344a5304')","market for chemical factory, organics",unit,GLO,0.000379853684685065,1.32274000196643,0.0287171843385971,technosphere,,,1,kilogram,GLO,Absent,,,,,,,,"market for chemical factory, organics_",
83,test-EI38-SSP1-Base,EI38_cutoff_remind_SSP1-Base_2025_baseline,"('EI38_cutoff_remind_SSP1-Base_2025_baseline', 'f5ec689f258fc22994162fe53b025b0d')",processing of nickel-rich materials,kilogram,GLO,ReCiPe Midpoint (H),terrestrial acidification,TAP100,"('EI38_cutoff_remind_SSP1-Base_2025_baseline', '4b60443af9fff09f6d18e4188c7031d8')","market group for heat, district or industrial, natural gas",megajoule,GLO,0.000169847660700372,0.591449560993659,0.0287171843385971,technosphere,,,1,kilogram,GLO,Absent,,,,,,,,"market group for heat, district or industrial, natural gas_",
84,test-EI38-SSP1-Base,EI38_cutoff_remind_SSP1-Base_2025_baseline,"('EI38_cutoff_remind_SSP1-Base_2025_baseline', 'f5ec689f258fc22994162fe53b025b0d')",processing of nickel-rich materials,kilogram,GLO,ReCiPe Midpoint (H),terrestrial acidification,TAP100,"('EI38_cutoff_remind_SSP1-Base_2025_baseline', '62e41ec78b96b9df85abc4e3e3017a7d')",market for conveyor belt,meter,GLO,6.53989943281937e-05,0.227734702528947,0.0287171843385971,technosphere,,,1,kilogram,GLO,Absent,,,,,,,,market for conveyor belt_,
85,test-EI38-SSP1-Base,EI38_cutoff_remind_SSP1-Base_2025_baseline,"('EI38_cutoff_remind_SSP1-Base_2025_baseline', 'f5ec689f258fc22994162fe53b025b0d')",processing of nickel-rich materials,kilogram,GLO,ReCiPe Midpoint (H),terrestrial acidification,TAP100,"('EI38_cutoff_remind_SSP1-Base_2025_baseline', 'd2f97a0fed00c476e24f9ae926b393c7')",market for nickel smelter slag,kilogram,GLO,5.04356872851296e-06,0.0175628942902114,0.0287171843385971,technosphere,,,1,kilogram,GLO,Absent,,,,,,,,market for nickel smelter slag_,
86,test-EI38-SSP1-Base,EI38_cutoff_remind_SSP1-Base_2025_baseline,"('EI38_cutoff_remind_SSP1-Base_2025_baseline', 'f5ec689f258fc22994162fe53b025b0d')",processing of nickel-rich materials,kilogram,GLO,ReCiPe Midpoint (H),terrestrial acidification,TAP100,"('biosphere3', '29630a65-f38c-48a5-9744-c0121f586640')","Transformation, from unspecified",square meter,,0.0,0.0,0.0287171843385971,biosphere,natural resource,land,1,kilogram,GLO,Absent,,,,,,,,"Transformation, from unspecified_natural resource",
87,test-EI38-SSP1-Base,EI38_cutoff_remind_SSP1-Base_2025_baseline,"('EI38_cutoff_remind_SSP1-Base_2025_baseline', 'f5ec689f258fc22994162fe53b025b0d')",processing of nickel-rich materials,kilogram,GLO,ReCiPe Midpoint (H),terrestrial acidification,TAP100,"('biosphere3', '626915e9-2424-4059-8b6a-fae47161acdf')","Transformation, to mineral extraction site",square meter,,0.0,0.0,0.0287171843385971,biosphere,natural resource,land,1,kilogram,GLO,Absent,,,,,,,,"Transformation, to mineral extraction site_natural resource",
88,test-EI38-SSP1-Base,EI38_cutoff_remind_SSP1-Base_2025_baseline,"('EI38_cutoff_remind_SSP1-Base_2025_baseline', 'f5ec689f258fc22994162fe53b025b0d')",processing of nickel-rich materials,kilogram,GLO,ReCiPe Midpoint (H),water depletion,WDP,"('EI38_cutoff_remind_SSP1-Base_2025_baseline', 'bb299d5a3631b740837d10a32e350c8a')",market for nickel-rich materials,kilogram,GLO,0.109781431580414,96.0061408537763,0.114348343349847,technosphere,,,1,kilogram,GLO,Absent,,,,,,,,market for nickel-rich materials_,
89,test-EI38-SSP1-Base,EI38_cutoff_remind_SSP1-Base_2025_baseline,"('EI38_cutoff_remind_SSP1-Base_2025_baseline', 'f5ec689f258fc22994162fe53b025b0d')",processing of nickel-rich materials,kilogram,GLO,ReCiPe Midpoint (H),water depletion,WDP,"('EI38_cutoff_remind_SSP1-Base_2025_baseline', '2d07e1a0da591a039eb0743cf16ce816')","market group for electricity, high voltage",kilowatt hour,GLO,0.00392099189943445,3.42898881135357,0.114348343349847,technosphere,,,1,kilogram,GLO,Absent,,,,,,,,"market group for electricity, high voltage_",
90,test-EI38-SSP1-Base,EI38_cutoff_remind_SSP1-Base_2025_baseline,"('EI38_cutoff_remind_SSP1-Base_2025_baseline', 'f5ec689f258fc22994162fe53b025b0d')",processing of nickel-rich materials,kilogram,GLO,ReCiPe Midpoint (H),water depletion,WDP,"('EI38_cutoff_remind_SSP1-Base_2025_baseline', '4b60443af9fff09f6d18e4188c7031d8')","market group for heat, district or industrial, natural gas",megajoule,GLO,0.000325964360148448,0.28506259959636,0.114348343349847,technosphere,,,1,kilogram,GLO,Absent,,,,,,,,"market group for heat, district or industrial, natural gas_",
91,test-EI38-SSP1-Base,EI38_cutoff_remind_SSP1-Base_2025_baseline,"('EI38_cutoff_remind_SSP1-Base_2025_baseline', 'f5ec689f258fc22994162fe53b025b0d')",processing of nickel-rich materials,kilogram,GLO,ReCiPe Midpoint (H),water depletion,WDP,"('EI38_cutoff_remind_SSP1-Base_2025_baseline', 'bbec888be3ba3103fb7fdef5344a5304')","market for chemical factory, organics",unit,GLO,0.000266222873712167,0.232817429543041,0.114348343349847,technosphere,,,1,kilogram,GLO,Absent,,,,,,,,"market for chemical factory, organics_",
92,test-EI38-SSP1-Base,EI38_cutoff_remind_SSP1-Base_2025_baseline,"('EI38_cutoff_remind_SSP1-Base_2025_baseline', 'f5ec689f258fc22994162fe53b025b0d')",processing of nickel-rich materials,kilogram,GLO,ReCiPe Midpoint (H),water depletion,WDP,"('EI38_cutoff_remind_SSP1-Base_2025_baseline', '62e41ec78b96b9df85abc4e3e3017a7d')",market for conveyor belt,meter,GLO,5.26806073203804e-05,0.0460702846907056,0.114348343349847,technosphere,,,1,kilogram,GLO,Absent,,,,,,,,market for conveyor belt_,
93,test-EI38-SSP1-Base,EI38_cutoff_remind_SSP1-Base_2025_baseline,"('EI38_cutoff_remind_SSP1-Base_2025_baseline', 'f5ec689f258fc22994162fe53b025b0d')",processing of nickel-rich materials,kilogram,GLO,ReCiPe Midpoint (H),water depletion,WDP,"('EI38_cutoff_remind_SSP1-Base_2025_baseline', 'd2f97a0fed00c476e24f9ae926b393c7')",market for nickel smelter slag,kilogram,GLO,1.05202881771158e-06,0.00092002104000135,0.114348343349847,technosphere,,,1,kilogram,GLO,Absent,,,,,,,,market for nickel smelter slag_,
94,test-EI38-SSP1-Base,EI38_cutoff_remind_SSP1-Base_2025_baseline,"('EI38_cutoff_remind_SSP1-Base_2025_baseline', 'f5ec689f258fc22994162fe53b025b0d')",processing of nickel-rich materials,kilogram,GLO,ReCiPe Midpoint (H),water depletion,WDP,"('biosphere3', '29630a65-f38c-48a5-9744-c0121f586640')","Transformation, from unspecified",square meter,,0.0,0.0,0.114348343349847,biosphere,natural resource,land,1,kilogram,GLO,Absent,,,,,,,,"Transformation, from unspecified_natural resource",
95,test-EI38-SSP1-Base,EI38_cutoff_remind_SSP1-Base_2025_baseline,"('EI38_cutoff_remind_SSP1-Base_2025_baseline', 'f5ec689f258fc22994162fe53b025b0d')",processing of nickel-rich materials,kilogram,GLO,ReCiPe Midpoint (H),water depletion,WDP,"('biosphere3', '626915e9-2424-4059-8b6a-fae47161acdf')","Transformation, to mineral extraction site",square meter,,0.0,0.0,0.114348343349847,biosphere,natural resource,land,1,kilogram,GLO,Absent,,,,,,,,"Transformation, to mineral extraction site_natural resource",
96,test-EI38-SSP1-Base,EI38_cutoff_remind_SSP1-Base_2025_baseline,"('EI38_cutoff_remind_SSP1-Base_2025_baseline', 'f5ec689f258fc22994162fe53b025b0d')",processing of nickel-rich materials,kilogram,GLO,ReCiPe Midpoint (H),urban land occupation,ULOP,"('EI38_cutoff_remind_SSP1-Base_2025_baseline', 'bb299d5a3631b740837d10a32e350c8a')",market for nickel-rich materials,kilogram,GLO,0.481331043119163,97.9885220463929,0.491211657311532,technosphere,,,1,kilogram,GLO,Absent,,,,,,,,market for nickel-rich materials_,
97,test-EI38-SSP1-Base,EI38_cutoff_remind_SSP1-Base_2025_baseline,"('EI38_cutoff_remind_SSP1-Base_2025_baseline', 'f5ec689f258fc22994162fe53b025b0d')",processing of nickel-rich materials,kilogram,GLO,ReCiPe Midpoint (H),urban land occupation,ULOP,"('EI38_cutoff_remind_SSP1-Base_2025_baseline', '2d07e1a0da591a039eb0743cf16ce816')","market group for electricity, high voltage",kilowatt hour,GLO,0.00682399040559876,1.38921589177003,0.491211657311532,technosphere,,,1,kilogram,GLO,Absent,,,,,,,,"market group for electricity, high voltage_",
98,test-EI38-SSP1-Base,EI38_cutoff_remind_SSP1-Base_2025_baseline,"('EI38_cutoff_remind_SSP1-Base_2025_baseline', 'f5ec689f258fc22994162fe53b025b0d')",processing of nickel-rich materials,kilogram,GLO,ReCiPe Midpoint (H),urban land occupation,ULOP,"('EI38_cutoff_remind_SSP1-Base_2025_baseline', 'bbec888be3ba3103fb7fdef5344a5304')","market for chemical factory, organics",unit,GLO,0.00215770846454249,0.439262471162007,0.491211657311532,technosphere,,,1,kilogram,GLO,Absent,,,,,,,,"market for chemical factory, organics_",
99,test-EI38-SSP1-Base,EI38_cutoff_remind_SSP1-Base_2025_baseline,"('EI38_cutoff_remind_SSP1-Base_2025_baseline', 'f5ec689f258fc22994162fe53b025b0d')",processing of nickel-rich materials,kilogram,GLO,ReCiPe Midpoint (H),urban land occupation,ULOP,"('EI38_cutoff_remind_SSP1-Base_2025_baseline', 'd2f97a0fed00c476e24f9ae926b393c7')",market for nickel smelter slag,kilogram,GLO,0.000391833523653558,0.0797687753987997,0.491211657311532,technosphere,,,1,kilogram,GLO,Absent,,,,,,,,market for nickel smelter slag_,
100,test-EI38-SSP1-Base,EI38_cutoff_remind_SSP1-Base_2025_baseline,"('EI38_cutoff_remind_SSP1-Base_2025_baseline', 'f5ec689f258fc22994162fe53b025b0d')",processing of nickel-rich materials,kilogram,GLO,ReCiPe Midpoint (H),urban land occupation,ULOP,"('EI38_cutoff_remind_SSP1-Base_2025_baseline', '62e41ec78b96b9df85abc4e3e3017a7d')",market for conveyor belt,meter,GLO,0.000299771896691534,0.0610270322842553,0.491211657311532,technosphere,,,1,kilogram,GLO,Absent,,,,,,,,market for conveyor belt_,
101,test-EI38-SSP1-Base,EI38_cutoff_remind_SSP1-Base_2025_baseline,"('EI38_cutoff_remind_SSP1-Base_2025_baseline', 'f5ec689f258fc22994162fe53b025b0d')",processing of nickel-rich materials,kilogram,GLO,ReCiPe Midpoint (H),urban land occupation,ULOP,"('EI38_cutoff_remind_SSP1-Base_2025_baseline', '4b60443af9fff09f6d18e4188c7031d8')","market group for heat, district or industrial, natural gas",megajoule,GLO,0.000207309901883008,0.0422037829919679,0.491211657311532,technosphere,,,1,kilogram,GLO,Absent,,,,,,,,"market group for heat, district or industrial, natural gas_",
102,test-EI38-SSP1-Base,EI38_cutoff_remind_SSP1-Base_2025_baseline,"('EI38_cutoff_remind_SSP1-Base_2025_baseline', 'f5ec689f258fc22994162fe53b025b0d')",processing of nickel-rich materials,kilogram,GLO,ReCiPe Midpoint (H),urban land occupation,ULOP,"('biosphere3', '29630a65-f38c-48a5-9744-c0121f586640')","Transformation, from unspecified",square meter,,0.0,0.0,0.491211657311532,biosphere,natural resource,land,1,kilogram,GLO,Absent,,,,,,,,"Transformation, from unspecified_natural resource",
103,test-EI38-SSP1-Base,EI38_cutoff_remind_SSP1-Base_2025_baseline,"('EI38_cutoff_remind_SSP1-Base_2025_baseline', 'f5ec689f258fc22994162fe53b025b0d')",processing of nickel-rich materials,kilogram,GLO,ReCiPe Midpoint (H),urban land occupation,ULOP,"('biosphere3', '626915e9-2424-4059-8b6a-fae47161acdf')","Transformation, to mineral extraction site",square meter,,0.0,0.0,0.491211657311532,biosphere,natural resource,land,1,kilogram,GLO,Absent,,,,,,,,"Transformation, to mineral extraction site_natural resource",
104,test-EI38-SSP1-Base,EI38_cutoff_remind_SSP1-Base_2025_baseline,"('EI38_cutoff_remind_SSP1-Base_2025_baseline', 'f5ec689f258fc22994162fe53b025b0d')",processing of nickel-rich materials,kilogram,GLO,ReCiPe Midpoint (H),ionising radiation,IRP_HE,"('EI38_cutoff_remind_SSP1-Base_2025_baseline', 'bb299d5a3631b740837d10a32e350c8a')",market for nickel-rich materials,kilogram,GLO,0.544796941508715,78.0847685935103,0.697699373798226,technosphere,,,1,kilogram,GLO,Absent,,,,,,,,market for nickel-rich materials_,
105,test-EI38-SSP1-Base,EI38_cutoff_remind_SSP1-Base_2025_baseline,"('EI38_cutoff_remind_SSP1-Base_2025_baseline', 'f5ec689f258fc22994162fe53b025b0d')",processing of nickel-rich materials,kilogram,GLO,ReCiPe Midpoint (H),ionising radiation,IRP_HE,"('EI38_cutoff_remind_SSP1-Base_2025_baseline', '2d07e1a0da591a039eb0743cf16ce816')","market group for electricity, high voltage",kilowatt hour,GLO,0.145671544212781,20.8788411862483,0.697699373798226,technosphere,,,1,kilogram,GLO,Absent,,,,,,,,"market group for electricity, high voltage_",
106,test-EI38-SSP1-Base,EI38_cutoff_remind_SSP1-Base_2025_baseline,"('EI38_cutoff_remind_SSP1-Base_2025_baseline', 'f5ec689f258fc22994162fe53b025b0d')",processing of nickel-rich materials,kilogram,GLO,ReCiPe Midpoint (H),ionising radiation,IRP_HE,"('EI38_cutoff_remind_SSP1-Base_2025_baseline', 'bbec888be3ba3103fb7fdef5344a5304')","market for chemical factory, organics",unit,GLO,0.005258193710669,0.753647474562543,0.697699373798226,technosphere,,,1,kilogram,GLO,Absent,,,,,,,,"market for chemical factory, organics_",
107,test-EI38-SSP1-Base,EI38_cutoff_remind_SSP1-Base_2025_baseline,"('EI38_cutoff_remind_SSP1-Base_2025_baseline', 'f5ec689f258fc22994162fe53b025b0d')",processing of nickel-rich materials,kilogram,GLO,ReCiPe Midpoint (H),ionising radiation,IRP_HE,"('EI38_cutoff_remind_SSP1-Base_2025_baseline', '62e41ec78b96b9df85abc4e3e3017a7d')",market for conveyor belt,meter,GLO,0.00103829150389935,0.148816459193158,0.697699373798226,technosphere,,,1,kilogram,GLO,Absent,,,,,,,,market for conveyor belt_,
108,test-EI38-SSP1-Base,EI38_cutoff_remind_SSP1-Base_2025_baseline,"('EI38_cutoff_remind_SSP1-Base_2025_baseline', 'f5ec689f258fc22994162fe53b025b0d')",processing of nickel-rich materials,kilogram,GLO,ReCiPe Midpoint (H),ionising radiation,IRP_HE,"('EI38_cutoff_remind_SSP1-Base_2025_baseline', '4b60443af9fff09f6d18e4188c7031d8')","market group for heat, district or industrial, natural gas",megajoule,GLO,0.000837369137273715,0.1200186167167,0.697699373798226,technosphere,,,1,kilogram,GLO,Absent,,,,,,,,"market group for heat, district or industrial, natural gas_",
109,test-EI38-SSP1-Base,EI38_cutoff_remind_SSP1-Base_2025_baseline,"('EI38_cutoff_remind_SSP1-Base_2025_baseline', 'f5ec689f258fc22994162fe53b025b0d')",processing of nickel-rich materials,kilogram,GLO,ReCiPe Midpoint (H),ionising radiation,IRP_HE,"('EI38_cutoff_remind_SSP1-Base_2025_baseline', 'd2f97a0fed00c476e24f9ae926b393c7')",market for nickel smelter slag,kilogram,GLO,9.70337248875486e-05,0.0139076697689011,0.697699373798226,technosphere,,,1,kilogram,GLO,Absent,,,,,,,,market for nickel smelter slag_,
110,test-EI38-SSP1-Base,EI38_cutoff_remind_SSP1-Base_2025_baseline,"('EI38_cutoff_remind_SSP1-Base_2025_baseline', 'f5ec689f258fc22994162fe53b025b0d')",processing of nickel-rich materials,kilogram,GLO,ReCiPe Midpoint (H),ionising radiation,IRP_HE,"('biosphere3', '29630a65-f38c-48a5-9744-c0121f586640')","Transformation, from unspecified",square meter,,0.0,0.0,0.697699373798226,biosphere,natural resource,land,1,kilogram,GLO,Absent,,,,,,,,"Transformation, from unspecified_natural resource",
111,test-EI38-SSP1-Base,EI38_cutoff_remind_SSP1-Base_2025_baseline,"('EI38_cutoff_remind_SSP1-Base_2025_baseline', 'f5ec689f258fc22994162fe53b025b0d')",processing of nickel-rich materials,kilogram,GLO,ReCiPe Midpoint (H),ionising radiation,IRP_HE,"('biosphere3', '626915e9-2424-4059-8b6a-fae47161acdf')","Transformation, to mineral extraction site",square meter,,0.0,0.0,0.697699373798226,biosphere,natural resource,land,1,kilogram,GLO,Absent,,,,,,,,"Transformation, to mineral extraction site_natural resource",
112,test-EI38-SSP1-Base,EI38_cutoff_remind_SSP1-Base_2025_baseline,"('EI38_cutoff_remind_SSP1-Base_2025_baseline', 'f5ec689f258fc22994162fe53b025b0d')",processing of nickel-rich materials,kilogram,GLO,ReCiPe Midpoint (H),fossil depletion,FDP,"('EI38_cutoff_remind_SSP1-Base_2025_baseline', 'bb299d5a3631b740837d10a32e350c8a')",market for nickel-rich materials,kilogram,GLO,1.16666261384509,76.5684556373894,1.52368570599117,technosphere,,,1,kilogram,GLO,Absent,,,,,,,,market for nickel-rich materials_,
113,test-EI38-SSP1-Base,EI38_cutoff_remind_SSP1-Base_2025_baseline,"('EI38_cutoff_remind_SSP1-Base_2025_baseline', 'f5ec689f258fc22994162fe53b025b0d')",processing of nickel-rich materials,kilogram,GLO,ReCiPe Midpoint (H),fossil depletion,FDP,"('EI38_cutoff_remind_SSP1-Base_2025_baseline', '2d07e1a0da591a039eb0743cf16ce816')","market group for electricity, high voltage",kilowatt hour,GLO,0.27094958788202,17.7825116306229,1.52368570599117,technosphere,,,1,kilogram,GLO,Absent,,,,,,,,"market group for electricity, high voltage_",
114,test-EI38-SSP1-Base,EI38_cutoff_remind_SSP1-Base_2025_baseline,"('EI38_cutoff_remind_SSP1-Base_2025_baseline', 'f5ec689f258fc22994162fe53b025b0d')",processing of nickel-rich materials,kilogram,GLO,ReCiPe Midpoint (H),fossil depletion,FDP,"('EI38_cutoff_remind_SSP1-Base_2025_baseline', '4b60443af9fff09f6d18e4188c7031d8')","market group for heat, district or industrial, natural gas",megajoule,GLO,0.0693727005960924,4.55295342886772,1.52368570599117,technosphere,,,1,kilogram,GLO,Absent,,,,,,,,"market group for heat, district or industrial, natural gas_",
115,test-EI38-SSP1-Base,EI38_cutoff_remind_SSP1-Base_2025_baseline,"('EI38_cutoff_remind_SSP1-Base_2025_baseline', 'f5ec689f258fc22994162fe53b025b0d')",processing of nickel-rich materials,kilogram,GLO,ReCiPe Midpoint (H),fossil depletion,FDP,"('EI38_cutoff_remind_SSP1-Base_2025_baseline', 'bbec888be3ba3103fb7fdef5344a5304')","market for chemical factory, organics",unit,GLO,0.0110090736788572,0.722529169602975,1.52368570599117,technosphere,,,1,kilogram,GLO,Absent,,,,,,,,"market for chemical factory, organics_",
116,test-EI38-SSP1-Base,EI38_cutoff_remind_SSP1-Base_2025_baseline,"('EI38_cutoff_remind_SSP1-Base_2025_baseline', 'f5ec689f258fc22994162fe53b025b0d')",processing of nickel-rich materials,kilogram,GLO,ReCiPe Midpoint (H),fossil depletion,FDP,"('EI38_cutoff_remind_SSP1-Base_2025_baseline', '62e41ec78b96b9df85abc4e3e3017a7d')",market for conveyor belt,meter,GLO,0.00514567630880028,0.337712448739747,1.52368570599117,technosphere,,,1,kilogram,GLO,Absent,,,,,,,,market for conveyor belt_,
117,test-EI38-SSP1-Base,EI38_cutoff_remind_SSP1-Base_2025_baseline,"('EI38_cutoff_remind_SSP1-Base_2025_baseline', 'f5ec689f258fc22994162fe53b025b0d')",processing of nickel-rich materials,kilogram,GLO,ReCiPe Midpoint (H),fossil depletion,FDP,"('EI38_cutoff_remind_SSP1-Base_2025_baseline', 'd2f97a0fed00c476e24f9ae926b393c7')",market for nickel smelter slag,kilogram,GLO,0.000546053680307717,0.0358376847771571,1.52368570599117,technosphere,,,1,kilogram,GLO,Absent,,,,,,,,market for nickel smelter slag_,
118,test-EI38-SSP1-Base,EI38_cutoff_remind_SSP1-Base_2025_baseline,"('EI38_cutoff_remind_SSP1-Base_2025_baseline', 'f5ec689f258fc22994162fe53b025b0d')",processing of nickel-rich materials,kilogram,GLO,ReCiPe Midpoint (H),fossil depletion,FDP,"('biosphere3', '29630a65-f38c-48a5-9744-c0121f586640')","Transformation, from unspecified",square meter,,0.0,0.0,1.52368570599117,biosphere,natural resource,land,1,kilogram,GLO,Absent,,,,,,,,"Transformation, from unspecified_natural resource",
119,test-EI38-SSP1-Base,EI38_cutoff_remind_SSP1-Base_2025_baseline,"('EI38_cutoff_remind_SSP1-Base_2025_baseline', 'f5ec689f258fc22994162fe53b025b0d')",processing of nickel-rich materials,kilogram,GLO,ReCiPe Midpoint (H),fossil depletion,FDP,"('biosphere3', '626915e9-2424-4059-8b6a-fae47161acdf')","Transformation, to mineral extraction site",square meter,,0.0,0.0,1.52368570599117,biosphere,natural resource,land,1,kilogram,GLO,Absent,,,,,,,,"Transformation, to mineral extraction site_natural resource",
120,test-EI38-SSP1-Base,EI38_cutoff_remind_SSP1-Base_2025_baseline,"('EI38_cutoff_remind_SSP1-Base_2025_baseline', 'f5ec689f258fc22994162fe53b025b0d')",processing of nickel-rich materials,kilogram,GLO,ReCiPe Midpoint (H),freshwater ecotoxicity,FETPinf,"('EI38_cutoff_remind_SSP1-Base_2025_baseline', 'bb299d5a3631b740837d10a32e350c8a')",market for nickel-rich materials,kilogram,GLO,7.15588082526171,99.5744698472866,7.18646138536957,technosphere,,,1,kilogram,GLO,Absent,,,,,,,,market for nickel-rich materials_,
121,test-EI38-SSP1-Base,EI38_cutoff_remind_SSP1-Base_2025_baseline,"('EI38_cutoff_remind_SSP1-Base_2025_baseline', 'f5ec689f258fc22994162fe53b025b0d')",processing of nickel-rich materials,kilogram,GLO,ReCiPe Midpoint (H),freshwater ecotoxicity,FETPinf,"('EI38_cutoff_remind_SSP1-Base_2025_baseline', 'bbec888be3ba3103fb7fdef5344a5304')","market for chemical factory, organics",unit,GLO,0.0135444487979667,0.18847173972911,7.18646138536957,technosphere,,,1,kilogram,GLO,Absent,,,,,,,,"market for chemical factory, organics_",
122,test-EI38-SSP1-Base,EI38_cutoff_remind_SSP1-Base_2025_baseline,"('EI38_cutoff_remind_SSP1-Base_2025_baseline', 'f5ec689f258fc22994162fe53b025b0d')",processing of nickel-rich materials,kilogram,GLO,ReCiPe Midpoint (H),freshwater ecotoxicity,FETPinf,"('EI38_cutoff_remind_SSP1-Base_2025_baseline', '2d07e1a0da591a039eb0743cf16ce816')","market group for electricity, high voltage",kilowatt hour,GLO,0.00997054362543588,0.138740655390346,7.18646138536957,technosphere,,,1,kilogram,GLO,Absent,,,,,,,,"market group for electricity, high voltage_",
123,test-EI38-SSP1-Base,EI38_cutoff_remind_SSP1-Base_2025_baseline,"('EI38_cutoff_remind_SSP1-Base_2025_baseline', 'f5ec689f258fc22994162fe53b025b0d')",processing of nickel-rich materials,kilogram,GLO,ReCiPe Midpoint (H),freshwater ecotoxicity,FETPinf,"('EI38_cutoff_remind_SSP1-Base_2025_baseline', 'd2f97a0fed00c476e24f9ae926b393c7')",market for nickel smelter slag,kilogram,GLO,0.0056292471732773,0.0783312797691713,7.18646138536957,technosphere,,,1,kilogram,GLO,Absent,,,,,,,,market for nickel smelter slag_,
124,test-EI38-SSP1-Base,EI38_cutoff_remind_SSP1-Base_2025_baseline,"('EI38_cutoff_remind_SSP1-Base_2025_baseline', 'f5ec689f258fc22994162fe53b025b0d')",processing of nickel-rich materials,kilogram,GLO,ReCiPe Midpoint (H),freshwater ecotoxicity,FETPinf,"('EI38_cutoff_remind_SSP1-Base_2025_baseline', '62e41ec78b96b9df85abc4e3e3017a7d')",market for conveyor belt,meter,GLO,0.000946553044039566,0.0131713369526564,7.18646138536957,technosphere,,,1,kilogram,GLO,Absent,,,,,,,,market for conveyor belt_,
125,test-EI38-SSP1-Base,EI38_cutoff_remind_SSP1-Base_2025_baseline,"('EI38_cutoff_remind_SSP1-Base_2025_baseline', 'f5ec689f258fc22994162fe53b025b0d')",processing of nickel-rich materials,kilogram,GLO,ReCiPe Midpoint (H),freshwater ecotoxicity,FETPinf,"('EI38_cutoff_remind_SSP1-Base_2025_baseline', '4b60443af9fff09f6d18e4188c7031d8')","market group for heat, district or industrial, natural gas",megajoule,GLO,0.000489767467131314,0.00681514087209038,7.18646138536957,technosphere,,,1,kilogram,GLO,Absent,,,,,,,,"market group for heat, district or industrial, natural gas_",
126,test-EI38-SSP1-Base,EI38_cutoff_remind_SSP1-Base_2025_baseline,"('EI38_cutoff_remind_SSP1-Base_2025_baseline', 'f5ec689f258fc22994162fe53b025b0d')",processing of nickel-rich materials,kilogram,GLO,ReCiPe Midpoint (H),freshwater ecotoxicity,FETPinf,"('biosphere3', '29630a65-f38c-48a5-9744-c0121f586640')","Transformation, from unspecified",square meter,,0.0,0.0,7.18646138536957,biosphere,natural resource,land,1,kilogram,GLO,Absent,,,,,,,,"Transformation, from unspecified_natural resource",
127,test-EI38-SSP1-Base,EI38_cutoff_remind_SSP1-Base_2025_baseline,"('EI38_cutoff_remind_SSP1-Base_2025_baseline', 'f5ec689f258fc22994162fe53b025b0d')",processing of nickel-rich materials,kilogram,GLO,ReCiPe Midpoint (H),freshwater ecotoxicity,FETPinf,"('biosphere3', '626915e9-2424-4059-8b6a-fae47161acdf')","Transformation, to mineral extraction site",square meter,,0.0,0.0,7.18646138536957,biosphere,natural resource,land,1,kilogram,GLO,Absent,,,,,,,,"Transformation, to mineral extraction site_natural resource",
128,test-EI38-SSP1-Base,EI38_cutoff_remind_SSP1-Base_2025_baseline,"('EI38_cutoff_remind_SSP1-Base_2025_baseline', 'f5ec689f258fc22994162fe53b025b0d')",processing of nickel-rich materials,kilogram,GLO,ReCiPe Midpoint (H),marine ecotoxicity,METPinf,"('EI38_cutoff_remind_SSP1-Base_2025_baseline', 'bb299d5a3631b740837d10a32e350c8a')",market for nickel-rich materials,kilogram,GLO,6.53252882259438,99.5726083608051,6.56056814231833,technosphere,,,1,kilogram,GLO,Absent,,,,,,,,market for nickel-rich materials_,
129,test-EI38-SSP1-Base,EI38_cutoff_remind_SSP1-Base_2025_baseline,"('EI38_cutoff_remind_SSP1-Base_2025_baseline', 'f5ec689f258fc22994162fe53b025b0d')",processing of nickel-rich materials,kilogram,GLO,ReCiPe Midpoint (H),marine ecotoxicity,METPinf,"('EI38_cutoff_remind_SSP1-Base_2025_baseline', 'bbec888be3ba3103fb7fdef5344a5304')","market for chemical factory, organics",unit,GLO,0.0122355454868712,0.18650130935988601,6.56056814231833,technosphere,,,1,kilogram,GLO,Absent,,,,,,,,"market for chemical factory, organics_",
130,test-EI38-SSP1-Base,EI38_cutoff_remind_SSP1-Base_2025_baseline,"('EI38_cutoff_remind_SSP1-Base_2025_baseline', 'f5ec689f258fc22994162fe53b025b0d')",processing of nickel-rich materials,kilogram,GLO,ReCiPe Midpoint (H),marine ecotoxicity,METPinf,"('EI38_cutoff_remind_SSP1-Base_2025_baseline', '2d07e1a0da591a039eb0743cf16ce816')","market group for electricity, high voltage",kilowatt hour,GLO,0.00909891081443763,0.13869089714572,6.56056814231833,technosphere,,,1,kilogram,GLO,Absent,,,,,,,,"market group for electricity, high voltage_",
131,test-EI38-SSP1-Base,EI38_cutoff_remind_SSP1-Base_2025_baseline,"('EI38_cutoff_remind_SSP1-Base_2025_baseline', 'f5ec689f258fc22994162fe53b025b0d')",processing of nickel-rich materials,kilogram,GLO,ReCiPe Midpoint (H),marine ecotoxicity,METPinf,"('EI38_cutoff_remind_SSP1-Base_2025_baseline', 'd2f97a0fed00c476e24f9ae926b393c7')",market for nickel smelter slag,kilogram,GLO,0.00546937319902085,0.083367371245505,6.56056814231833,technosphere,,,1,kilogram,GLO,Absent,,,,,,,,market for nickel smelter slag_,
132,test-EI38-SSP1-Base,EI38_cutoff_remind_SSP1-Base_2025_baseline,"('EI38_cutoff_remind_SSP1-Base_2025_baseline', 'f5ec689f258fc22994162fe53b025b0d')",processing of nickel-rich materials,kilogram,GLO,ReCiPe Midpoint (H),marine ecotoxicity,METPinf,"('EI38_cutoff_remind_SSP1-Base_2025_baseline', '62e41ec78b96b9df85abc4e3e3017a7d')",market for conveyor belt,meter,GLO,0.00091015652225239,0.0138731357179496,6.56056814231833,technosphere,,,1,kilogram,GLO,Absent,,,,,,,,market for conveyor belt_,
133,test-EI38-SSP1-Base,EI38_cutoff_remind_SSP1-Base_2025_baseline,"('EI38_cutoff_remind_SSP1-Base_2025_baseline', 'f5ec689f258fc22994162fe53b025b0d')",processing of nickel-rich materials,kilogram,GLO,ReCiPe Midpoint (H),marine ecotoxicity,METPinf,"('EI38_cutoff_remind_SSP1-Base_2025_baseline', '4b60443af9fff09f6d18e4188c7031d8')","market group for heat, district or industrial, natural gas",megajoule,GLO,0.000325333701367573,0.00495892572579253,6.56056814231833,technosphere,,,1,kilogram,GLO,Absent,,,,,,,,"market group for heat, district or industrial, natural gas_",
134,test-EI38-SSP1-Base,EI38_cutoff_remind_SSP1-Base_2025_baseline,"('EI38_cutoff_remind_SSP1-Base_2025_baseline', 'f5ec689f258fc22994162fe53b025b0d')",processing of nickel-rich materials,kilogram,GLO,ReCiPe Midpoint (H),marine ecotoxicity,METPinf,"('biosphere3', '29630a65-f38c-48a5-9744-c0121f586640')","Transformation, from unspecified",square meter,,0.0,0.0,6.56056814231833,biosphere,natural resource,land,1,kilogram,GLO,Absent,,,,,,,,"Transformation, from unspecified_natural resource",
135,test-EI38-SSP1-Base,EI38_cutoff_remind_SSP1-Base_2025_baseline,"('EI38_cutoff_remind_SSP1-Base_2025_baseline', 'f5ec689f258fc22994162fe53b025b0d')",processing of nickel-rich materials,kilogram,GLO,ReCiPe Midpoint (H),marine ecotoxicity,METPinf,"('biosphere3', '626915e9-2424-4059-8b6a-fae47161acdf')","Transformation, to mineral extraction site",square meter,,0.0,0.0,6.56056814231833,biosphere,natural resource,land,1,kilogram,GLO,Absent,,,,,,,,"Transformation, to mineral extraction site_natural resource",
136,test-EI38-SSP1-Base,EI38_cutoff_remind_SSP1-Base_2025_baseline,"('EI38_cutoff_remind_SSP1-Base_2025_baseline', 'f5ec689f258fc22994162fe53b025b0d')",processing of nickel-rich materials,kilogram,GLO,ReCiPe Midpoint (H),ozone depletion,ODPinf,"('EI38_cutoff_remind_SSP1-Base_2025_baseline', 'bb299d5a3631b740837d10a32e350c8a')",market for nickel-rich materials,kilogram,GLO,4.48627906369293e-07,90.2573050094224,4.97054400552352e-07,technosphere,,,1,kilogram,GLO,Absent,,,,,,,,market for nickel-rich materials_,
137,test-EI38-SSP1-Base,EI38_cutoff_remind_SSP1-Base_2025_baseline,"('EI38_cutoff_remind_SSP1-Base_2025_baseline', 'f5ec689f258fc22994162fe53b025b0d')",processing of nickel-rich materials,kilogram,GLO,ReCiPe Midpoint (H),ozone depletion,ODPinf,"('EI38_cutoff_remind_SSP1-Base_2025_baseline', '2d07e1a0da591a039eb0743cf16ce816')","market group for electricity, high voltage",kilowatt hour,GLO,2.70267861855011e-08,5.43738998296112,4.97054400552352e-07,technosphere,,,1,kilogram,GLO,Absent,,,,,,,,"market group for electricity, high voltage_",
138,test-EI38-SSP1-Base,EI38_cutoff_remind_SSP1-Base_2025_baseline,"('EI38_cutoff_remind_SSP1-Base_2025_baseline', 'f5ec689f258fc22994162fe53b025b0d')",processing of nickel-rich materials,kilogram,GLO,ReCiPe Midpoint (H),ozone depletion,ODPinf,"('EI38_cutoff_remind_SSP1-Base_2025_baseline', '4b60443af9fff09f6d18e4188c7031d8')","market group for heat, district or industrial, natural gas",megajoule,GLO,1.80259789273267e-08,3.6265605751192,4.97054400552352e-07,technosphere,,,1,kilogram,GLO,Absent,,,,,,,,"market group for heat, district or industrial, natural gas_",
139,test-EI38-SSP1-Base,EI38_cutoff_remind_SSP1-Base_2025_baseline,"('EI38_cutoff_remind_SSP1-Base_2025_baseline', 'f5ec689f258fc22994162fe53b025b0d')",processing of nickel-rich materials,kilogram,GLO,ReCiPe Midpoint (H),ozone depletion,ODPinf,"('EI38_cutoff_remind_SSP1-Base_2025_baseline', 'bbec888be3ba3103fb7fdef5344a5304')","market for chemical factory, organics",unit,GLO,2.08142974708339e-09,0.418752906074345,4.97054400552352e-07,technosphere,,,1,kilogram,GLO,Absent,,,,,,,,"market for chemical factory, organics_",
140,test-EI38-SSP1-Base,EI38_cutoff_remind_SSP1-Base_2025_baseline,"('EI38_cutoff_remind_SSP1-Base_2025_baseline', 'f5ec689f258fc22994162fe53b025b0d')",processing of nickel-rich materials,kilogram,GLO,ReCiPe Midpoint (H),ozone depletion,ODPinf,"('EI38_cutoff_remind_SSP1-Base_2025_baseline', '62e41ec78b96b9df85abc4e3e3017a7d')",market for conveyor belt,meter,GLO,1.0527383986112e-09,0.211795408599409,4.97054400552352e-07,technosphere,,,1,kilogram,GLO,Absent,,,,,,,,market for conveyor belt_,
141,test-EI38-SSP1-Base,EI38_cutoff_remind_SSP1-Base_2025_baseline,"('EI38_cutoff_remind_SSP1-Base_2025_baseline', 'f5ec689f258fc22994162fe53b025b0d')",processing of nickel-rich materials,kilogram,GLO,ReCiPe Midpoint (H),ozone depletion,ODPinf,"('EI38_cutoff_remind_SSP1-Base_2025_baseline', 'd2f97a0fed00c476e24f9ae926b393c7')",market for nickel smelter slag,kilogram,GLO,2.39560924536842e-10,0.0481961178234474,4.97054400552352e-07,technosphere,,,1,kilogram,GLO,Absent,,,,,,,,market for nickel smelter slag_,
142,test-EI38-SSP1-Base,EI38_cutoff_remind_SSP1-Base_2025_baseline,"('EI38_cutoff_remind_SSP1-Base_2025_baseline', 'f5ec689f258fc22994162fe53b025b0d')",processing of nickel-rich materials,kilogram,GLO,ReCiPe Midpoint (H),ozone depletion,ODPinf,"('biosphere3', '29630a65-f38c-48a5-9744-c0121f586640')","Transformation, from unspecified",square meter,,0.0,0.0,4.97054400552352e-07,biosphere,natural resource,land,1,kilogram,GLO,Absent,,,,,,,,"Transformation, from unspecified_natural resource",
143,test-EI38-SSP1-Base,EI38_cutoff_remind_SSP1-Base_2025_baseline,"('EI38_cutoff_remind_SSP1-Base_2025_baseline', 'f5ec689f258fc22994162fe53b025b0d')",processing of nickel-rich materials,kilogram,GLO,ReCiPe Midpoint (H),ozone depletion,ODPinf,"('biosphere3', '626915e9-2424-4059-8b6a-fae47161acdf')","Transformation, to mineral extraction site",square meter,,0.0,0.0,4.97054400552352e-07,biosphere,natural resource,land,1,kilogram,GLO,Absent,,,,,,,,"Transformation, to mineral extraction site_natural resource",
